x0,x1,x2,x3,x4,x5,x6,x7,x8,x9,x10,x11,x12,x13,x14,x15,x16,x17,x18,x19,x20,x21,x22,x23,x24,x25,x26,x27,x28,x29,x30,x31,x32,x33,x34,x35,x36,x37,x38,x39,x40,x41,x42,x43,x44,x45,x46,x47,x48,x49,x50,x51,x52,x53,x54,x55,x56,x57,x58,x59,x60,x61,x62,x63,x64,x65,x66,x67,x68,x69,x70,x71,x72,x73,x74,x75,x76,x77,x78,x79,value,Timestamp
3.141592654,3.141592654,0.0,0.0,-1.570796327,1.570796327,-1.570796327,3.141592654,-1.570796327,1.570796327,-1.570796327,3.141592654,1.570796327,0.0,-1.570796327,0.0,-1.570796327,1.570796327,0.0,-1.570796327,0.0,3.141592654,-1.570796327,-1.570796327,1.570796327,0.0,0.0,0.0,-1.570796327,-1.570796327,-1.570796327,-1.570796327,1.570796327,-1.570796327,3.141592654,3.141592654,3.141592654,-1.570796327,-1.570796327,1.570796327,3.141592654,3.141592654,0.0,0.0,0.0,3.141592654,3.141592654,-1.570796327,3.141592654,3.141592654,1.570796327,1.570796327,1.570796327,0.0,0.0,3.141592654,3.141592654,1.570796327,-1.570796327,3.141592654,0.0,0.0,0.0,1.570796327,1.570796327,0.0,-1.570796327,1.570796327,-1.570796327,1.570796327,1.570796327,3.141592654,3.141592654,-1.570796327,0.0,0.0,3.141592654,3.141592654,3.141592654,-1.570796327,1.0,12574.3060234
0.0,0.0,3.141592654,1.570796327,-1.570796327,1.570796327,1.570796327,0.0,1.570796327,0.0,-1.570796327,-1.570796327,-1.570796327,0.0,-1.570796327,-1.570796327,0.0,0.0,-1.570796327,3.141592654,-1.570796327,1.570796327,1.570796327,0.0,0.0,-1.570796327,-1.570796327,3.141592654,-1.570796327,-1.570796327,-1.570796327,3.141592654,0.0,3.141592654,-1.570796327,0.0,3.141592654,-1.570796327,1.570796327,0.0,3.141592654,3.141592654,-1.570796327,0.0,1.570796327,1.570796327,1.570796327,-1.570796327,3.141592654,3.141592654,-1.570796327,-1.570796327,0.0,-1.570796327,0.0,-1.570796327,3.141592654,3.141592654,3.141592654,1.570796327,1.570796327,3.141592654,1.570796327,-1.570796327,1.570796327,-1.570796327,1.570796327,-1.570796327,-1.570796327,3.141592654,3.141592654,0.0,3.141592654,0.0,3.141592654,-1.570796327,3.141592654,1.570796327,0.0,0.0,1.0,12707.6902528
1.570796327,-1.570796327,3.141592654,-1.570796327,3.141592654,-1.570796327,-1.570796327,-1.570796327,-1.570796327,1.570796327,3.141592654,3.141592654,0.0,0.0,3.141592654,0.0,3.141592654,3.141592654,3.141592654,-1.570796327,1.570796327,3.141592654,-1.570796327,-1.570796327,0.0,1.570796327,0.0,3.141592654,0.0,0.0,0.0,1.570796327,3.141592654,0.0,0.0,-1.570796327,1.570796327,0.0,3.141592654,1.570796327,3.141592654,-1.570796327,0.0,3.141592654,3.141592654,-1.570796327,-1.570796327,-1.570796327,3.141592654,0.0,3.141592654,1.570796327,3.141592654,0.0,0.0,-1.570796327,3.141592654,3.141592654,3.141592654,0.0,3.141592654,1.570796327,3.141592654,0.0,0.0,0.0,-1.570796327,-1.570796327,1.570796327,-1.570796327,1.570796327,1.570796327,3.141592654,1.570796327,0.0,0.0,0.0,-1.570796327,0.0,1.570796327,1.0,12840.514294
1.570796327,1.570796327,3.141592654,1.570796327,-1.570796327,0.0,0.0,1.570796327,0.0,3.141592654,1.570796327,0.0,0.0,3.141592654,1.570796327,3.141592654,0.0,-1.570796327,3.141592654,3.141592654,3.141592654,-1.570796327,0.0,0.0,1.570796327,1.570796327,0.0,3.141592654,1.570796327,1.570796327,0.0,-1.570796327,0.0,0.0,0.0,1.570796327,1.570796327,1.570796327,3.141592654,0.0,0.0,0.0,1.570796327,1.570796327,3.141592654,-1.570796327,3.141592654,3.141592654,1.570796327,3.141592654,0.0,0.0,1.570796327,3.141592654,1.570796327,1.570796327,3.141592654,-1.570796327,1.570796327,-1.570796327,1.570796327,3.141592654,3.141592654,-1.570796327,3.141592654,3.141592654,0.0,1.570796327,3.141592654,3.141592654,3.141592654,3.141592654,-1.570796327,3.141592654,1.570796327,0.0,3.141592654,3.141592654,1.570796327,0.0,1.0,12973.4396503
1.570796327,-1.570796327,0.0,3.141592654,3.141592654,3.141592654,1.570796327,-1.570796327,0.0,3.141592654,3.141592654,3.141592654,-1.570796327,0.0,-1.570796327,3.141592654,0.0,-1.570796327,1.570796327,3.141592654,-1.570796327,0.0,1.570796327,3.141592654,0.0,-1.570796327,-1.570796327,1.570796327,1.570796327,1.570796327,3.141592654,0.0,0.0,3.141592654,3.141592654,3.141592654,1.570796327,1.570796327,0.0,3.141592654,1.570796327,1.570796327,1.570796327,1.570796327,3.141592654,-1.570796327,0.0,-1.570796327,3.141592654,1.570796327,3.141592654,0.0,1.570796327,-1.570796327,3.141592654,1.570796327,1.570796327,3.141592654,3.141592654,1.570796327,0.0,-1.570796327,1.570796327,0.0,1.570796327,-1.570796327,3.141592654,-1.570796327,1.570796327,0.0,3.141592654,-1.570796327,3.141592654,0.0,0.0,0.0,0.0,0.0,-1.570796327,1.570796327,1.0,13105.6195996
3.141592654,1.570796327,3.141592654,3.141592654,1.570796327,0.0,0.0,3.141592654,1.570796327,-1.570796327,1.570796327,0.0,1.570796327,3.141592654,-1.570796327,-1.570796327,1.570796327,-1.570796327,-1.570796327,1.570796327,1.570796327,0.0,0.0,0.0,-1.570796327,3.141592654,0.0,0.0,3.141592654,-1.570796327,-1.570796327,1.570796327,0.0,1.570796327,1.570796327,0.0,0.0,0.0,-1.570796327,3.141592654,3.141592654,0.0,0.0,-1.570796327,-1.570796327,-1.570796327,3.141592654,0.0,1.570796327,-1.570796327,1.570796327,0.0,3.141592654,1.570796327,1.570796327,3.141592654,1.570796327,-1.570796327,0.0,0.0,0.0,1.570796327,3.141592654,-1.570796327,1.570796327,0.0,3.141592654,1.570796327,-1.570796327,1.570796327,1.570796327,1.570796327,1.570796327,3.141592654,1.570796327,1.570796327,0.0,0.0,3.141592654,1.570796327,1.0,13236.8134944
1.570796327,1.570796327,-1.570796327,3.141592654,3.141592654,1.570796327,3.141592654,3.141592654,-1.570796327,0.0,1.570796327,-1.570796327,-1.570796327,0.0,0.0,3.141592654,0.0,0.0,-1.570796327,1.570796327,1.570796327,-1.570796327,1.570796327,1.570796327,0.0,-1.570796327,3.141592654,0.0,3.141592654,3.141592654,0.0,1.570796327,-1.570796327,1.570796327,-1.570796327,1.570796327,3.141592654,0.0,1.570796327,0.0,1.570796327,3.141592654,3.141592654,3.141592654,-1.570796327,1.570796327,3.141592654,3.141592654,1.570796327,1.570796327,0.0,3.141592654,-1.570796327,-1.570796327,3.141592654,3.141592654,1.570796327,0.0,-1.570796327,3.141592654,1.570796327,-1.570796327,1.570796327,3.141592654,-1.570796327,1.570796327,0.0,-1.570796327,1.570796327,3.141592654,1.570796327,-1.570796327,-1.570796327,3.141592654,1.570796327,1.570796327,0.0,3.141592654,1.570796327,3.141592654,1.0,13369.6633461
0.0,0.0,0.0,3.141592654,0.0,1.570796327,-1.570796327,-1.570796327,-1.570796327,3.141592654,-1.570796327,1.570796327,0.0,1.570796327,-1.570796327,0.0,0.0,0.0,3.141592654,3.141592654,-1.570796327,0.0,-1.570796327,1.570796327,1.570796327,-1.570796327,1.570796327,1.570796327,3.141592654,0.0,-1.570796327,0.0,1.570796327,0.0,-1.570796327,3.141592654,1.570796327,3.141592654,0.0,0.0,3.141592654,1.570796327,3.141592654,1.570796327,1.570796327,0.0,3.141592654,1.570796327,-1.570796327,1.570796327,3.141592654,-1.570796327,-1.570796327,0.0,-1.570796327,1.570796327,0.0,1.570796327,-1.570796327,0.0,3.141592654,3.141592654,3.141592654,0.0,-1.570796327,-1.570796327,0.0,0.0,0.0,0.0,-1.570796327,3.141592654,-1.570796327,1.570796327,0.0,-1.570796327,1.570796327,-1.570796327,-1.570796327,0.0,1.0,13502.2568793
0.0,3.141592654,1.570796327,1.570796327,-1.570796327,-1.570796327,-1.570796327,3.141592654,3.141592654,-1.570796327,3.141592654,0.0,0.0,-1.570796327,0.0,-1.570796327,-1.570796327,0.0,3.141592654,0.0,1.570796327,3.141592654,3.141592654,-1.570796327,1.570796327,0.0,1.570796327,3.141592654,3.141592654,3.141592654,-1.570796327,3.141592654,0.0,1.570796327,1.570796327,0.0,3.141592654,3.141592654,-1.570796327,0.0,3.141592654,1.570796327,-1.570796327,0.0,3.141592654,1.570796327,-1.570796327,3.141592654,-1.570796327,-1.570796327,0.0,-1.570796327,-1.570796327,-1.570796327,3.141592654,0.0,0.0,1.570796327,-1.570796327,0.0,-1.570796327,0.0,1.570796327,3.141592654,1.570796327,3.141592654,-1.570796327,-1.570796327,3.141592654,3.141592654,3.141592654,0.0,-1.570796327,1.570796327,3.141592654,-1.570796327,0.0,0.0,-1.570796327,1.570796327,1.0,13635.0775709
3.141592654,3.141592654,-1.570796327,-1.570796327,-1.570796327,-1.570796327,-1.570796327,-1.570796327,1.570796327,0.0,1.570796327,-1.570796327,-1.570796327,-1.570796327,1.570796327,1.570796327,-1.570796327,-1.570796327,3.141592654,3.141592654,1.570796327,-1.570796327,0.0,1.570796327,0.0,0.0,0.0,0.0,1.570796327,3.141592654,0.0,-1.570796327,0.0,3.141592654,1.570796327,3.141592654,3.141592654,-1.570796327,3.141592654,0.0,-1.570796327,1.570796327,1.570796327,3.141592654,-1.570796327,0.0,3.141592654,0.0,1.570796327,3.141592654,0.0,1.570796327,0.0,1.570796327,0.0,0.0,-1.570796327,-1.570796327,0.0,3.141592654,-1.570796327,1.570796327,-1.570796327,3.141592654,0.0,0.0,0.0,-1.570796327,0.0,-1.570796327,1.570796327,-1.570796327,3.141592654,1.570796327,0.0,3.141592654,1.570796327,1.570796327,1.570796327,1.570796327,1.0,13766.8134243
-1.570796327,1.570796327,3.141592654,0.0,1.570796327,1.570796327,1.570796327,0.0,1.570796327,1.570796327,0.0,1.570796327,1.570796327,1.570796327,1.570796327,0.0,1.570796327,3.141592654,0.0,-1.570796327,1.570796327,0.0,1.570796327,1.570796327,-1.570796327,0.0,3.141592654,1.570796327,0.0,3.141592654,-1.570796327,-1.570796327,3.141592654,-1.570796327,0.0,3.141592654,-1.570796327,0.0,3.141592654,-1.570796327,-1.570796327,-1.570796327,0.0,0.0,1.570796327,1.570796327,1.570796327,3.141592654,0.0,0.0,1.570796327,3.141592654,-1.570796327,3.141592654,1.570796327,0.0,3.141592654,1.570796327,3.141592654,-1.570796327,-1.570796327,-1.570796327,1.570796327,0.0,0.0,0.0,0.0,-1.570796327,1.570796327,3.141592654,1.570796327,1.570796327,3.141592654,-1.570796327,0.0,-1.570796327,3.141592654,-1.570796327,-1.570796327,3.141592654,1.0,13898.9329452
1.570796327,3.141592654,-1.570796327,1.570796327,3.141592654,3.141592654,1.570796327,3.141592654,0.0,-1.570796327,1.570796327,-1.570796327,-1.570796327,0.0,1.570796327,3.141592654,1.570796327,-1.570796327,1.570796327,1.570796327,3.141592654,3.141592654,0.0,-1.570796327,-1.570796327,-1.570796327,-1.570796327,1.570796327,3.141592654,1.570796327,0.0,1.570796327,1.570796327,3.141592654,1.570796327,0.0,-1.570796327,3.141592654,3.141592654,1.570796327,3.141592654,3.141592654,1.570796327,0.0,3.141592654,3.141592654,3.141592654,0.0,3.141592654,0.0,0.0,0.0,1.570796327,1.570796327,3.141592654,3.141592654,3.141592654,0.0,1.570796327,1.570796327,-1.570796327,3.141592654,1.570796327,1.570796327,1.570796327,0.0,1.570796327,0.0,-1.570796327,3.141592654,3.141592654,1.570796327,0.0,0.0,-1.570796327,-1.570796327,-1.570796327,-1.570796327,3.141592654,0.0,1.0,14031.6223863
1.570796327,1.570796327,0.0,-1.570796327,1.570796327,-1.570796327,1.570796327,0.0,-1.570796327,0.0,0.0,0.0,-1.570796327,0.0,0.0,3.141592654,-1.570796327,0.0,3.141592654,-1.570796327,-1.570796327,1.570796327,-1.570796327,0.0,0.0,3.141592654,3.141592654,-1.570796327,-1.570796327,1.570796327,3.141592654,-1.570796327,-1.570796327,-1.570796327,1.570796327,1.570796327,0.0,0.0,1.570796327,3.141592654,1.570796327,0.0,1.570796327,-1.570796327,0.0,3.141592654,1.570796327,1.570796327,0.0,0.0,1.570796327,-1.570796327,3.141592654,-1.570796327,-1.570796327,1.570796327,0.0,0.0,-1.570796327,-1.570796327,3.141592654,0.0,1.570796327,3.141592654,0.0,3.141592654,1.570796327,1.570796327,1.570796327,3.141592654,1.570796327,3.141592654,1.570796327,1.570796327,3.141592654,0.0,0.0,1.570796327,0.0,0.0,1.0,14163.5723588
0.0,3.141592654,1.570796327,3.141592654,0.0,3.141592654,0.0,0.0,-1.570796327,3.141592654,0.0,3.141592654,1.570796327,0.0,0.0,-1.570796327,3.141592654,1.570796327,0.0,-1.570796327,1.570796327,3.141592654,3.141592654,1.570796327,-1.570796327,1.570796327,3.141592654,-1.570796327,3.141592654,-1.570796327,1.570796327,1.570796327,-1.570796327,0.0,1.570796327,0.0,1.570796327,0.0,1.570796327,0.0,1.570796327,-1.570796327,0.0,1.570796327,0.0,-1.570796327,0.0,3.141592654,1.570796327,1.570796327,3.141592654,3.141592654,3.141592654,-1.570796327,3.141592654,1.570796327,1.570796327,-1.570796327,3.141592654,3.141592654,0.0,-1.570796327,0.0,1.570796327,1.570796327,-1.570796327,-1.570796327,0.0,-1.570796327,0.0,0.0,3.141592654,3.141592654,-1.570796327,3.141592654,1.570796327,3.141592654,0.0,3.141592654,-1.570796327,1.0,14296.4134705
0.0,0.0,1.570796327,-1.570796327,0.0,3.141592654,1.570796327,0.0,-1.570796327,0.0,-1.570796327,0.0,3.141592654,1.570796327,-1.570796327,3.141592654,-1.570796327,1.570796327,0.0,3.141592654,1.570796327,-1.570796327,-1.570796327,1.570796327,0.0,-1.570796327,3.141592654,0.0,1.570796327,-1.570796327,0.0,0.0,1.570796327,0.0,3.141592654,-1.570796327,3.141592654,3.141592654,0.0,3.141592654,1.570796327,0.0,3.141592654,0.0,-1.570796327,3.141592654,1.570796327,0.0,1.570796327,3.141592654,1.570796327,3.141592654,0.0,3.141592654,-1.570796327,-1.570796327,3.141592654,3.141592654,0.0,1.570796327,3.141592654,0.0,0.0,-1.570796327,3.141592654,1.570796327,0.0,-1.570796327,3.141592654,1.570796327,0.0,-1.570796327,-1.570796327,-1.570796327,3.141592654,0.0,0.0,3.141592654,0.0,1.570796327,1.0,14429.5247337
-1.570796327,1.570796327,1.570796327,0.0,1.570796327,-1.570796327,-1.570796327,0.0,-1.570796327,0.0,0.0,3.141592654,-1.570796327,3.141592654,1.570796327,3.141592654,0.0,-1.570796327,1.570796327,1.570796327,0.0,1.570796327,0.0,0.0,1.570796327,0.0,0.0,3.141592654,0.0,1.570796327,-1.570796327,1.570796327,0.0,-1.570796327,0.0,3.141592654,-1.570796327,1.570796327,3.141592654,-1.570796327,0.0,1.570796327,0.0,0.0,-1.570796327,0.0,-1.570796327,0.0,1.570796327,-1.570796327,3.141592654,1.570796327,-1.570796327,0.0,3.141592654,3.141592654,3.141592654,-1.570796327,-1.570796327,0.0,0.0,-1.570796327,1.570796327,3.141592654,3.141592654,-1.570796327,-1.570796327,-1.570796327,0.0,0.0,0.0,0.0,-1.570796327,3.141592654,0.0,1.570796327,1.570796327,0.0,-1.570796327,0.0,1.0,14564.3999404
3.141592654,0.0,1.570796327,-1.570796327,3.141592654,1.570796327,3.141592654,3.141592654,3.141592654,-1.570796327,0.0,0.0,-1.570796327,-1.570796327,0.0,3.141592654,1.570796327,-1.570796327,-1.570796327,1.570796327,3.141592654,3.141592654,3.141592654,0.0,3.141592654,3.141592654,0.0,-1.570796327,0.0,0.0,1.570796327,3.141592654,0.0,0.0,0.0,1.570796327,-1.570796327,3.141592654,1.570796327,1.570796327,3.141592654,3.141592654,0.0,0.0,-1.570796327,1.570796327,1.570796327,0.0,-1.570796327,1.570796327,1.570796327,-1.570796327,0.0,3.141592654,0.0,3.141592654,0.0,3.141592654,1.570796327,1.570796327,0.0,0.0,0.0,1.570796327,-1.570796327,0.0,1.570796327,0.0,0.0,0.0,-1.570796327,1.570796327,3.141592654,1.570796327,-1.570796327,3.141592654,-1.570796327,-1.570796327,-1.570796327,-1.570796327,1.0,14696.7371774
-1.570796327,-1.570796327,0.0,0.0,1.570796327,-1.570796327,0.0,1.570796327,-1.570796327,-1.570796327,-1.570796327,1.570796327,3.141592654,0.0,1.570796327,-1.570796327,0.0,3.141592654,-1.570796327,1.570796327,-1.570796327,3.141592654,-1.570796327,3.141592654,-1.570796327,-1.570796327,0.0,0.0,3.141592654,1.570796327,-1.570796327,1.570796327,1.570796327,3.141592654,3.141592654,-1.570796327,3.141592654,3.141592654,1.570796327,1.570796327,0.0,-1.570796327,-1.570796327,-1.570796327,0.0,1.570796327,-1.570796327,3.141592654,-1.570796327,-1.570796327,1.570796327,1.570796327,3.141592654,0.0,-1.570796327,0.0,-1.570796327,0.0,0.0,1.570796327,1.570796327,-1.570796327,3.141592654,1.570796327,-1.570796327,3.141592654,1.570796327,3.141592654,1.570796327,0.0,-1.570796327,-1.570796327,1.570796327,0.0,1.570796327,3.141592654,-1.570796327,0.0,3.141592654,-1.570796327,1.0,14829.3493177
3.141592654,0.0,0.0,1.570796327,3.141592654,1.570796327,1.570796327,3.141592654,1.570796327,1.570796327,-1.570796327,3.141592654,-1.570796327,3.141592654,-1.570796327,1.570796327,-1.570796327,1.570796327,3.141592654,-1.570796327,1.570796327,-1.570796327,0.0,1.570796327,0.0,0.0,-1.570796327,3.141592654,1.570796327,3.141592654,0.0,3.141592654,-1.570796327,0.0,1.570796327,3.141592654,3.141592654,-1.570796327,3.141592654,-1.570796327,-1.570796327,0.0,3.141592654,0.0,-1.570796327,0.0,1.570796327,-1.570796327,1.570796327,0.0,-1.570796327,1.570796327,-1.570796327,1.570796327,1.570796327,0.0,1.570796327,0.0,1.570796327,3.141592654,0.0,3.141592654,3.141592654,0.0,3.141592654,0.0,3.141592654,0.0,1.570796327,1.570796327,3.141592654,0.0,3.141592654,3.141592654,-1.570796327,-1.570796327,1.570796327,-1.570796327,0.0,-1.570796327,1.0,14961.5984882
1.570796327,3.141592654,-1.570796327,-1.570796327,-1.570796327,0.0,3.141592654,0.0,1.570796327,0.0,3.141592654,1.570796327,1.570796327,3.141592654,0.0,-1.570796327,3.141592654,1.570796327,1.570796327,-1.570796327,3.141592654,0.0,3.141592654,0.0,3.141592654,1.570796327,3.141592654,1.570796327,3.141592654,-1.570796327,0.0,3.141592654,-1.570796327,3.141592654,-1.570796327,3.141592654,1.570796327,0.0,-1.570796327,1.570796327,0.0,1.570796327,-1.570796327,1.570796327,1.570796327,0.0,3.141592654,1.570796327,-1.570796327,3.141592654,3.141592654,1.570796327,-1.570796327,-1.570796327,3.141592654,0.0,3.141592654,0.0,0.0,3.141592654,0.0,0.0,0.0,0.0,-1.570796327,1.570796327,-1.570796327,1.570796327,-1.570796327,0.0,0.0,1.570796327,-1.570796327,1.570796327,-1.570796327,1.570796327,3.141592654,1.570796327,0.0,0.0,1.0,15093.7671131
1.570796327,-1.570796327,0.0,3.141592654,3.141592654,0.0,1.570796327,3.141592654,1.570796327,0.0,-1.570796327,1.570796327,3.141592654,1.570796327,1.570796327,1.570796327,0.0,-1.570796327,1.570796327,0.0,-1.570796327,-1.570796327,1.570796327,1.570796327,1.570796327,3.141592654,3.141592654,1.570796327,3.141592654,0.0,1.570796327,-1.570796327,0.0,1.570796327,-1.570796327,-1.570796327,-1.570796327,1.570796327,0.0,1.570796327,3.141592654,3.141592654,-1.570796327,3.141592654,1.570796327,0.0,1.570796327,3.141592654,3.141592654,3.141592654,0.0,0.0,-1.570796327,3.141592654,1.570796327,-1.570796327,0.0,3.141592654,3.141592654,1.570796327,3.141592654,3.141592654,0.0,1.570796327,0.0,0.0,-1.570796327,-1.570796327,-1.570796327,0.0,-1.570796327,3.141592654,-1.570796327,3.141592654,3.141592654,3.141592654,0.0,0.0,1.570796327,1.570796327,1.0,15226.6305401
1.570796327,3.141592654,-1.570796327,1.570796327,-1.570796327,1.570796327,-1.570796327,1.570796327,3.141592654,0.0,-1.570796327,0.0,-1.570796327,1.570796327,-1.570796327,-1.570796327,3.141592654,-1.570796327,-1.570796327,1.570796327,0.0,-1.570796327,1.570796327,3.141592654,-1.570796327,-1.570796327,0.0,1.570796327,0.0,0.0,0.0,-1.570796327,0.0,-1.570796327,3.141592654,0.0,-1.570796327,0.0,3.141592654,0.0,0.0,-1.570796327,0.0,0.0,0.0,-1.570796327,3.141592654,0.0,1.570796327,1.570796327,1.570796327,-1.570796327,-1.570796327,3.141592654,3.141592654,1.570796327,-1.570796327,3.141592654,-1.570796327,-1.570796327,-1.570796327,-1.570796327,1.570796327,1.570796327,-1.570796327,3.141592654,0.0,-1.570796327,0.0,-1.570796327,-1.570796327,1.570796327,0.0,0.0,3.141592654,1.570796327,-1.570796327,-1.570796327,1.570796327,3.141592654,1.0,15360.1957396
3.141592654,0.0,-1.570796327,3.141592654,3.141592654,-1.570796327,3.141592654,0.0,3.141592654,1.570796327,0.0,3.141592654,0.0,3.141592654,1.570796327,-1.570796327,-1.570796327,3.141592654,1.570796327,3.141592654,-1.570796327,0.0,-1.570796327,1.570796327,0.0,0.0,-1.570796327,-1.570796327,1.570796327,1.570796327,0.0,1.570796327,1.570796327,3.141592654,1.570796327,0.0,3.141592654,1.570796327,-1.570796327,-1.570796327,0.0,1.570796327,1.570796327,0.0,-1.570796327,-1.570796327,1.570796327,3.141592654,-1.570796327,0.0,-1.570796327,-1.570796327,0.0,0.0,-1.570796327,-1.570796327,0.0,3.141592654,3.141592654,-1.570796327,1.570796327,3.141592654,-1.570796327,3.141592654,1.570796327,1.570796327,-1.570796327,-1.570796327,-1.570796327,1.570796327,1.570796327,0.0,-1.570796327,0.0,3.141592654,1.570796327,1.570796327,-1.570796327,-1.570796327,3.141592654,1.0,15493.4401031
0.0,1.570796327,-1.570796327,0.0,0.0,1.570796327,0.0,0.0,3.141592654,-1.570796327,0.0,-1.570796327,3.141592654,0.0,1.570796327,3.141592654,-1.570796327,1.570796327,0.0,-1.570796327,0.0,-1.570796327,0.0,1.570796327,-1.570796327,1.570796327,-1.570796327,1.570796327,0.0,0.0,3.141592654,3.141592654,3.141592654,0.0,1.570796327,1.570796327,-1.570796327,1.570796327,3.141592654,-1.570796327,3.141592654,1.570796327,3.141592654,3.141592654,-1.570796327,1.570796327,3.141592654,3.141592654,1.570796327,-1.570796327,3.141592654,3.141592654,0.0,0.0,3.141592654,1.570796327,-1.570796327,1.570796327,-1.570796327,1.570796327,1.570796327,-1.570796327,1.570796327,1.570796327,0.0,3.141592654,0.0,0.0,-1.570796327,-1.570796327,1.570796327,3.141592654,0.0,-1.570796327,1.570796327,1.570796327,0.0,-1.570796327,1.570796327,0.0,1.0,15626.2787846
-1.570796327,-1.570796327,0.0,3.141592654,-1.570796327,1.570796327,0.0,1.570796327,3.141592654,0.0,3.141592654,3.141592654,0.0,3.141592654,-1.570796327,3.141592654,3.141592654,-1.570796327,3.141592654,3.141592654,3.141592654,0.0,3.141592654,3.141592654,-1.570796327,-1.570796327,0.0,-1.570796327,1.570796327,1.570796327,1.570796327,-1.570796327,3.141592654,-1.570796327,0.0,-1.570796327,3.141592654,-1.570796327,0.0,0.0,-1.570796327,3.141592654,3.141592654,0.0,3.141592654,-1.570796327,1.570796327,1.570796327,1.570796327,-1.570796327,3.141592654,1.570796327,-1.570796327,-1.570796327,-1.570796327,3.141592654,-1.570796327,-1.570796327,0.0,1.570796327,3.141592654,0.0,0.0,3.141592654,0.0,-1.570796327,3.141592654,-1.570796327,0.0,1.570796327,1.570796327,0.0,3.141592654,-1.570796327,1.570796327,0.0,3.141592654,0.0,-1.570796327,0.0,1.0,15757.5657269
0.0,0.0,-1.570796327,1.570796327,1.570796327,-1.570796327,3.141592654,0.0,1.570796327,1.570796327,3.141592654,3.141592654,-1.570796327,3.141592654,3.141592654,-1.570796327,3.141592654,0.0,1.570796327,-1.570796327,1.570796327,3.141592654,1.570796327,0.0,0.0,1.570796327,-1.570796327,0.0,3.141592654,-1.570796327,3.141592654,1.570796327,-1.570796327,1.570796327,-1.570796327,-1.570796327,3.141592654,0.0,-1.570796327,3.141592654,-1.570796327,1.570796327,0.0,0.0,3.141592654,3.141592654,1.570796327,-1.570796327,0.0,3.141592654,-1.570796327,0.0,1.570796327,1.570796327,3.141592654,3.141592654,3.141592654,1.570796327,-1.570796327,1.570796327,0.0,-1.570796327,3.141592654,1.570796327,3.141592654,-1.570796327,0.0,-1.570796327,1.570796327,0.0,3.141592654,1.570796327,1.570796327,3.141592654,0.0,-1.570796327,1.570796327,0.0,3.141592654,0.0,1.0,15889.94046
0.0,1.570796327,-1.570796327,3.141592654,0.0,3.141592654,0.0,0.0,-1.570796327,0.0,0.0,3.141592654,1.570796327,1.570796327,1.570796327,3.141592654,-1.570796327,1.570796327,-1.570796327,1.570796327,0.0,3.141592654,3.141592654,3.141592654,3.141592654,1.570796327,3.141592654,1.570796327,1.570796327,-1.570796327,1.570796327,3.141592654,-1.570796327,3.141592654,-1.570796327,1.570796327,0.0,-1.570796327,3.141592654,-1.570796327,3.141592654,-1.570796327,1.570796327,1.570796327,3.141592654,-1.570796327,0.0,-1.570796327,3.141592654,1.570796327,1.570796327,0.0,0.0,-1.570796327,1.570796327,-1.570796327,3.141592654,1.570796327,0.0,0.0,-1.570796327,-1.570796327,-1.570796327,3.141592654,-1.570796327,0.0,-1.570796327,3.141592654,-1.570796327,3.141592654,1.570796327,0.0,1.570796327,3.141592654,0.0,3.141592654,3.141592654,0.0,1.570796327,0.0,1.0,16021.3601239
1.570796327,-1.570796327,-1.570796327,-1.570796327,3.141592654,0.0,0.0,1.570796327,1.570796327,0.0,3.141592654,0.0,-1.570796327,-1.570796327,3.141592654,0.0,-1.570796327,1.570796327,0.0,3.141592654,1.570796327,3.141592654,3.141592654,3.141592654,-1.570796327,-1.570796327,1.570796327,1.570796327,-1.570796327,0.0,3.141592654,3.141592654,-1.570796327,3.141592654,1.570796327,-1.570796327,-1.570796327,1.570796327,-1.570796327,3.141592654,0.0,0.0,0.0,1.570796327,-1.570796327,1.570796327,1.570796327,0.0,1.570796327,1.570796327,0.0,0.0,3.141592654,-1.570796327,0.0,1.570796327,0.0,0.0,-1.570796327,3.141592654,-1.570796327,1.570796327,3.141592654,-1.570796327,0.0,3.141592654,3.141592654,3.141592654,1.570796327,1.570796327,1.570796327,3.141592654,0.0,-1.570796327,0.0,3.141592654,0.0,-1.570796327,3.141592654,-1.570796327,1.0,16153.5579313
3.141592654,-1.570796327,3.141592654,1.570796327,3.141592654,-1.570796327,0.0,3.141592654,-1.570796327,-1.570796327,1.570796327,3.141592654,0.0,1.570796327,0.0,0.0,1.570796327,-1.570796327,0.0,3.141592654,3.141592654,1.570796327,1.570796327,3.141592654,1.570796327,0.0,0.0,-1.570796327,-1.570796327,-1.570796327,0.0,-1.570796327,1.570796327,-1.570796327,0.0,0.0,-1.570796327,-1.570796327,1.570796327,0.0,1.570796327,-1.570796327,-1.570796327,0.0,-1.570796327,-1.570796327,1.570796327,1.570796327,3.141592654,-1.570796327,3.141592654,1.570796327,3.141592654,0.0,-1.570796327,1.570796327,-1.570796327,0.0,3.141592654,0.0,3.141592654,-1.570796327,0.0,1.570796327,-1.570796327,-1.570796327,3.141592654,0.0,0.0,3.141592654,-1.570796327,3.141592654,3.141592654,3.141592654,0.0,3.141592654,-1.570796327,1.570796327,1.570796327,0.0,1.0,16287.6991571
-1.570796327,1.570796327,-1.570796327,3.141592654,3.141592654,1.570796327,0.0,0.0,0.0,-1.570796327,-1.570796327,-1.570796327,-1.570796327,1.570796327,0.0,3.141592654,0.0,0.0,0.0,1.570796327,-1.570796327,1.570796327,1.570796327,0.0,1.570796327,1.570796327,0.0,0.0,3.141592654,0.0,-1.570796327,3.141592654,-1.570796327,3.141592654,3.141592654,-1.570796327,-1.570796327,-1.570796327,1.570796327,0.0,0.0,3.141592654,3.141592654,3.141592654,0.0,1.570796327,3.141592654,0.0,1.570796327,0.0,-1.570796327,-1.570796327,-1.570796327,1.570796327,1.570796327,1.570796327,-1.570796327,0.0,3.141592654,0.0,1.570796327,0.0,0.0,0.0,1.570796327,0.0,1.570796327,0.0,-1.570796327,-1.570796327,-1.570796327,0.0,0.0,0.0,3.141592654,1.570796327,1.570796327,3.141592654,3.141592654,0.0,1.0,16419.8632129
-1.570796327,3.141592654,0.0,1.570796327,0.0,1.570796327,3.141592654,-1.570796327,-1.570796327,1.570796327,1.570796327,1.570796327,-1.570796327,3.141592654,3.141592654,1.570796327,0.0,1.570796327,3.141592654,3.141592654,3.141592654,0.0,1.570796327,3.141592654,1.570796327,3.141592654,0.0,0.0,3.141592654,-1.570796327,3.141592654,3.141592654,0.0,1.570796327,1.570796327,1.570796327,1.570796327,3.141592654,-1.570796327,0.0,0.0,0.0,3.141592654,3.141592654,-1.570796327,1.570796327,1.570796327,3.141592654,3.141592654,1.570796327,3.141592654,-1.570796327,1.570796327,3.141592654,0.0,0.0,0.0,3.141592654,0.0,-1.570796327,1.570796327,0.0,1.570796327,-1.570796327,3.141592654,3.141592654,-1.570796327,3.141592654,0.0,-1.570796327,-1.570796327,0.0,3.141592654,1.570796327,-1.570796327,-1.570796327,3.141592654,0.0,0.0,-1.570796327,1.0,16551.6536574
3.141592654,1.570796327,-1.570796327,1.570796327,-1.570796327,3.141592654,1.570796327,0.0,-1.570796327,0.0,3.141592654,-1.570796327,3.141592654,-1.570796327,-1.570796327,1.570796327,1.570796327,0.0,3.141592654,1.570796327,1.570796327,0.0,0.0,1.570796327,-1.570796327,-1.570796327,-1.570796327,3.141592654,0.0,0.0,1.570796327,3.141592654,3.141592654,1.570796327,0.0,0.0,3.141592654,1.570796327,3.141592654,3.141592654,1.570796327,3.141592654,3.141592654,3.141592654,-1.570796327,3.141592654,-1.570796327,-1.570796327,3.141592654,0.0,1.570796327,-1.570796327,3.141592654,1.570796327,0.0,1.570796327,0.0,0.0,-1.570796327,3.141592654,1.570796327,3.141592654,0.0,3.141592654,3.141592654,1.570796327,0.0,3.141592654,0.0,-1.570796327,3.141592654,-1.570796327,3.141592654,0.0,1.570796327,-1.570796327,3.141592654,0.0,1.570796327,-1.570796327,1.0,16684.3284741
3.141592654,-1.570796327,0.0,-1.570796327,1.570796327,-1.570796327,3.141592654,-1.570796327,-1.570796327,0.0,-1.570796327,-1.570796327,-1.570796327,1.570796327,3.141592654,1.570796327,-1.570796327,0.0,3.141592654,3.141592654,3.141592654,1.570796327,1.570796327,-1.570796327,-1.570796327,1.570796327,0.0,0.0,-1.570796327,1.570796327,-1.570796327,3.141592654,1.570796327,3.141592654,0.0,-1.570796327,1.570796327,3.141592654,-1.570796327,3.141592654,3.141592654,0.0,0.0,1.570796327,3.141592654,1.570796327,1.570796327,0.0,1.570796327,0.0,3.141592654,0.0,3.141592654,-1.570796327,-1.570796327,3.141592654,1.570796327,-1.570796327,-1.570796327,3.141592654,-1.570796327,-1.570796327,1.570796327,3.141592654,3.141592654,1.570796327,0.0,0.0,-1.570796327,0.0,0.0,0.0,3.141592654,1.570796327,0.0,1.570796327,3.141592654,0.0,0.0,-1.570796327,1.0,16817.2136193
0.0,-1.570796327,1.570796327,0.0,0.0,1.570796327,3.141592654,0.0,1.570796327,0.0,1.570796327,1.570796327,3.141592654,1.570796327,-1.570796327,0.0,-1.570796327,3.141592654,0.0,3.141592654,3.141592654,-1.570796327,-1.570796327,-1.570796327,-1.570796327,3.141592654,1.570796327,-1.570796327,-1.570796327,0.0,1.570796327,3.141592654,-1.570796327,1.570796327,1.570796327,1.570796327,1.570796327,0.0,1.570796327,3.141592654,-1.570796327,3.141592654,1.570796327,0.0,3.141592654,1.570796327,3.141592654,3.141592654,-1.570796327,3.141592654,3.141592654,1.570796327,3.141592654,3.141592654,3.141592654,3.141592654,3.141592654,1.570796327,1.570796327,0.0,1.570796327,0.0,3.141592654,3.141592654,-1.570796327,1.570796327,-1.570796327,3.141592654,3.141592654,0.0,1.570796327,0.0,0.0,3.141592654,3.141592654,3.141592654,-1.570796327,1.570796327,1.570796327,1.570796327,1.0,16950.172903
0.0,3.141592654,1.570796327,1.570796327,-1.570796327,0.0,1.570796327,1.570796327,-1.570796327,-1.570796327,1.570796327,3.141592654,3.141592654,3.141592654,-1.570796327,1.570796327,3.141592654,-1.570796327,0.0,-1.570796327,0.0,-1.570796327,3.141592654,3.141592654,1.570796327,1.570796327,1.570796327,1.570796327,0.0,3.141592654,3.141592654,0.0,0.0,-1.570796327,1.570796327,3.141592654,-1.570796327,1.570796327,0.0,0.0,3.141592654,3.141592654,-1.570796327,0.0,3.141592654,1.570796327,3.141592654,0.0,-1.570796327,-1.570796327,3.141592654,0.0,1.570796327,3.141592654,0.0,0.0,0.0,3.141592654,0.0,1.570796327,-1.570796327,0.0,0.0,-1.570796327,-1.570796327,-1.570796327,1.570796327,3.141592654,0.0,1.570796327,0.0,3.141592654,0.0,3.141592654,0.0,-1.570796327,-1.570796327,1.570796327,-1.570796327,0.0,1.0,17083.2203672
0.0,1.570796327,-1.570796327,0.0,-1.570796327,-1.570796327,3.141592654,0.0,3.141592654,3.141592654,0.0,3.141592654,1.570796327,3.141592654,3.141592654,1.570796327,1.570796327,0.0,3.141592654,3.141592654,0.0,0.0,0.0,3.141592654,0.0,3.141592654,-1.570796327,1.570796327,1.570796327,0.0,1.570796327,0.0,1.570796327,1.570796327,-1.570796327,0.0,0.0,-1.570796327,-1.570796327,3.141592654,-1.570796327,-1.570796327,3.141592654,0.0,-1.570796327,1.570796327,1.570796327,3.141592654,1.570796327,-1.570796327,1.570796327,1.570796327,3.141592654,-1.570796327,1.570796327,0.0,3.141592654,1.570796327,1.570796327,1.570796327,-1.570796327,1.570796327,3.141592654,1.570796327,-1.570796327,-1.570796327,3.141592654,1.570796327,3.141592654,-1.570796327,0.0,1.570796327,-1.570796327,1.570796327,3.141592654,1.570796327,1.570796327,-1.570796327,0.0,0.0,1.0,17216.0080639
1.570796327,0.0,3.141592654,-1.570796327,3.141592654,-1.570796327,-1.570796327,3.141592654,3.141592654,3.141592654,1.570796327,-1.570796327,3.141592654,0.0,-1.570796327,-1.570796327,1.570796327,0.0,0.0,3.141592654,1.570796327,1.570796327,1.570796327,0.0,-1.570796327,-1.570796327,-1.570796327,1.570796327,1.570796327,0.0,-1.570796327,3.141592654,0.0,-1.570796327,-1.570796327,-1.570796327,-1.570796327,0.0,0.0,0.0,3.141592654,0.0,0.0,-1.570796327,0.0,1.570796327,0.0,3.141592654,0.0,1.570796327,1.570796327,1.570796327,1.570796327,-1.570796327,3.141592654,0.0,3.141592654,-1.570796327,0.0,0.0,3.141592654,-1.570796327,1.570796327,1.570796327,-1.570796327,1.570796327,-1.570796327,-1.570796327,3.141592654,1.570796327,-1.570796327,1.570796327,0.0,0.0,3.141592654,1.570796327,3.141592654,3.141592654,3.141592654,0.0,1.0,17349.0978307
-1.570796327,0.0,3.141592654,1.570796327,3.141592654,3.141592654,-1.570796327,0.0,0.0,1.570796327,3.141592654,-1.570796327,0.0,0.0,0.0,3.141592654,3.141592654,0.0,0.0,-1.570796327,3.141592654,3.141592654,1.570796327,0.0,3.141592654,1.570796327,1.570796327,0.0,1.570796327,1.570796327,-1.570796327,3.141592654,0.0,1.570796327,0.0,3.141592654,-1.570796327,1.570796327,3.141592654,-1.570796327,0.0,-1.570796327,-1.570796327,3.141592654,1.570796327,3.141592654,-1.570796327,0.0,3.141592654,1.570796327,-1.570796327,3.141592654,3.141592654,1.570796327,0.0,1.570796327,3.141592654,0.0,1.570796327,3.141592654,-1.570796327,0.0,3.141592654,3.141592654,-1.570796327,0.0,3.141592654,-1.570796327,-1.570796327,0.0,-1.570796327,3.141592654,1.570796327,-1.570796327,1.570796327,0.0,3.141592654,0.0,1.570796327,0.0,1.0,17482.1527806
-1.570796327,0.0,0.0,3.141592654,3.141592654,-1.570796327,-1.570796327,0.0,3.141592654,0.0,1.570796327,1.570796327,0.0,1.570796327,-1.570796327,-1.570796327,1.570796327,-1.570796327,3.141592654,-1.570796327,-1.570796327,0.0,1.570796327,3.141592654,1.570796327,3.141592654,3.141592654,0.0,3.141592654,0.0,1.570796327,-1.570796327,1.570796327,1.570796327,3.141592654,-1.570796327,3.141592654,0.0,-1.570796327,-1.570796327,-1.570796327,1.570796327,-1.570796327,0.0,1.570796327,3.141592654,0.0,-1.570796327,1.570796327,0.0,1.570796327,1.570796327,-1.570796327,0.0,1.570796327,1.570796327,-1.570796327,-1.570796327,0.0,0.0,1.570796327,1.570796327,0.0,-1.570796327,1.570796327,3.141592654,3.141592654,0.0,0.0,3.141592654,0.0,-1.570796327,0.0,-1.570796327,3.141592654,1.570796327,0.0,1.570796327,-1.570796327,3.141592654,1.0,17615.2368802
0.0,3.141592654,-1.570796327,1.570796327,3.141592654,1.570796327,3.141592654,0.0,0.0,-1.570796327,-1.570796327,-1.570796327,0.0,3.141592654,0.0,0.0,3.141592654,3.141592654,0.0,3.141592654,1.570796327,3.141592654,1.570796327,1.570796327,-1.570796327,1.570796327,3.141592654,1.570796327,0.0,-1.570796327,3.141592654,1.570796327,-1.570796327,1.570796327,0.0,1.570796327,1.570796327,0.0,0.0,1.570796327,-1.570796327,3.141592654,1.570796327,1.570796327,1.570796327,-1.570796327,3.141592654,0.0,1.570796327,0.0,-1.570796327,1.570796327,1.570796327,3.141592654,3.141592654,0.0,-1.570796327,1.570796327,3.141592654,-1.570796327,0.0,-1.570796327,0.0,-1.570796327,0.0,0.0,3.141592654,3.141592654,0.0,-1.570796327,-1.570796327,3.141592654,3.141592654,-1.570796327,3.141592654,1.570796327,1.570796327,1.570796327,1.570796327,1.570796327,1.0,17748.5982004
0.0,0.0,-1.570796327,1.570796327,1.570796327,0.0,0.0,0.0,1.570796327,-1.570796327,-1.570796327,0.0,1.570796327,1.570796327,-1.570796327,0.0,0.0,-1.570796327,1.570796327,1.570796327,0.0,3.141592654,1.570796327,1.570796327,3.141592654,0.0,1.570796327,-1.570796327,-1.570796327,3.141592654,1.570796327,-1.570796327,0.0,1.570796327,3.141592654,-1.570796327,1.570796327,1.570796327,1.570796327,0.0,3.141592654,3.141592654,1.570796327,1.570796327,1.570796327,-1.570796327,-1.570796327,-1.570796327,-1.570796327,3.141592654,3.141592654,0.0,3.141592654,3.141592654,-1.570796327,-1.570796327,-1.570796327,1.570796327,1.570796327,-1.570796327,1.570796327,3.141592654,3.141592654,3.141592654,1.570796327,-1.570796327,-1.570796327,-1.570796327,1.570796327,1.570796327,3.141592654,1.570796327,0.0,-1.570796327,-1.570796327,1.570796327,-1.570796327,1.570796327,1.570796327,0.0,1.0,17880.7849065
1.570796327,1.570796327,-1.570796327,-1.570796327,3.141592654,3.141592654,1.570796327,1.570796327,-1.570796327,3.141592654,1.570796327,-1.570796327,0.0,1.570796327,1.570796327,1.570796327,3.141592654,3.141592654,1.570796327,1.570796327,-1.570796327,-1.570796327,3.141592654,1.570796327,0.0,3.141592654,-1.570796327,1.570796327,-1.570796327,3.141592654,3.141592654,-1.570796327,-1.570796327,3.141592654,3.141592654,1.570796327,1.570796327,0.0,0.0,0.0,-1.570796327,3.141592654,-1.570796327,3.141592654,0.0,1.570796327,1.570796327,1.570796327,1.570796327,-1.570796327,0.0,-1.570796327,1.570796327,1.570796327,0.0,-1.570796327,0.0,-1.570796327,-1.570796327,-1.570796327,3.141592654,0.0,0.0,0.0,3.141592654,1.570796327,-1.570796327,3.141592654,3.141592654,-1.570796327,-1.570796327,-1.570796327,-1.570796327,-1.570796327,-1.570796327,1.570796327,0.0,-1.570796327,3.141592654,1.570796327,1.0,18013.0356804
0.0,0.0,3.141592654,0.0,0.0,3.141592654,-1.570796327,1.570796327,1.570796327,1.570796327,0.0,-1.570796327,3.141592654,-1.570796327,-1.570796327,0.0,3.141592654,-1.570796327,0.0,0.0,-1.570796327,1.570796327,3.141592654,3.141592654,3.141592654,0.0,-1.570796327,0.0,3.141592654,3.141592654,-1.570796327,3.141592654,1.570796327,0.0,1.570796327,1.570796327,1.570796327,1.570796327,3.141592654,1.570796327,0.0,3.141592654,0.0,0.0,3.141592654,3.141592654,1.570796327,0.0,3.141592654,0.0,-1.570796327,0.0,0.0,-1.570796327,1.570796327,-1.570796327,0.0,1.570796327,1.570796327,3.141592654,0.0,1.570796327,-1.570796327,3.141592654,3.141592654,-1.570796327,0.0,0.0,1.570796327,0.0,1.570796327,3.141592654,-1.570796327,0.0,1.570796327,-1.570796327,3.141592654,0.0,1.570796327,3.141592654,1.0,18146.6289098
0.0,0.0,3.141592654,1.570796327,-1.570796327,3.141592654,1.570796327,1.570796327,0.0,0.0,-1.570796327,-1.570796327,1.570796327,0.0,1.570796327,3.141592654,-1.570796327,0.0,1.570796327,3.141592654,3.141592654,-1.570796327,3.141592654,0.0,1.570796327,0.0,0.0,-1.570796327,-1.570796327,1.570796327,3.141592654,1.570796327,3.141592654,-1.570796327,0.0,-1.570796327,1.570796327,0.0,-1.570796327,3.141592654,1.570796327,1.570796327,3.141592654,1.570796327,-1.570796327,3.141592654,3.141592654,1.570796327,-1.570796327,3.141592654,1.570796327,-1.570796327,-1.570796327,-1.570796327,0.0,1.570796327,0.0,1.570796327,0.0,-1.570796327,3.141592654,1.570796327,1.570796327,3.141592654,3.141592654,-1.570796327,3.141592654,3.141592654,3.141592654,0.0,-1.570796327,-1.570796327,-1.570796327,0.0,3.141592654,1.570796327,-1.570796327,0.0,3.141592654,3.141592654,1.0,18279.8071016
-1.570796327,1.570796327,1.570796327,0.0,1.570796327,3.141592654,1.570796327,3.141592654,-1.570796327,1.570796327,3.141592654,0.0,3.141592654,3.141592654,0.0,-1.570796327,1.570796327,-1.570796327,0.0,0.0,-1.570796327,1.570796327,-1.570796327,0.0,0.0,0.0,3.141592654,0.0,1.570796327,3.141592654,-1.570796327,-1.570796327,-1.570796327,1.570796327,-1.570796327,1.570796327,1.570796327,1.570796327,1.570796327,1.570796327,3.141592654,1.570796327,-1.570796327,-1.570796327,-1.570796327,1.570796327,1.570796327,3.141592654,0.0,-1.570796327,-1.570796327,0.0,1.570796327,0.0,0.0,3.141592654,3.141592654,3.141592654,0.0,1.570796327,0.0,-1.570796327,1.570796327,0.0,-1.570796327,0.0,-1.570796327,0.0,3.141592654,3.141592654,3.141592654,3.141592654,3.141592654,-1.570796327,-1.570796327,1.570796327,1.570796327,0.0,0.0,1.570796327,1.0,18411.3910008
1.570796327,-1.570796327,1.570796327,0.0,0.0,-1.570796327,0.0,1.570796327,-1.570796327,-1.570796327,-1.570796327,-1.570796327,1.570796327,3.141592654,1.570796327,-1.570796327,-1.570796327,-1.570796327,0.0,1.570796327,-1.570796327,3.141592654,-1.570796327,1.570796327,3.141592654,3.141592654,3.141592654,1.570796327,3.141592654,3.141592654,1.570796327,3.141592654,-1.570796327,3.141592654,-1.570796327,0.0,0.0,0.0,-1.570796327,0.0,3.141592654,0.0,-1.570796327,0.0,3.141592654,-1.570796327,3.141592654,-1.570796327,1.570796327,-1.570796327,-1.570796327,-1.570796327,3.141592654,0.0,-1.570796327,0.0,1.570796327,3.141592654,1.570796327,0.0,0.0,-1.570796327,0.0,1.570796327,1.570796327,3.141592654,1.570796327,1.570796327,1.570796327,3.141592654,1.570796327,3.141592654,0.0,0.0,0.0,3.141592654,-1.570796327,0.0,1.570796327,1.570796327,1.0,18543.7548873
1.570796327,-1.570796327,3.141592654,-1.570796327,1.570796327,0.0,3.141592654,1.570796327,-1.570796327,3.141592654,3.141592654,1.570796327,-1.570796327,0.0,0.0,1.570796327,1.570796327,0.0,3.141592654,3.141592654,-1.570796327,0.0,0.0,1.570796327,0.0,1.570796327,1.570796327,1.570796327,-1.570796327,0.0,0.0,0.0,-1.570796327,1.570796327,3.141592654,1.570796327,0.0,3.141592654,3.141592654,1.570796327,3.141592654,1.570796327,-1.570796327,-1.570796327,-1.570796327,1.570796327,-1.570796327,3.141592654,3.141592654,3.141592654,0.0,3.141592654,1.570796327,1.570796327,-1.570796327,3.141592654,0.0,1.570796327,1.570796327,3.141592654,3.141592654,3.141592654,0.0,-1.570796327,3.141592654,-1.570796327,-1.570796327,0.0,0.0,0.0,1.570796327,0.0,3.141592654,0.0,1.570796327,-1.570796327,0.0,3.141592654,3.141592654,3.141592654,1.0,18677.2124566
1.570796327,0.0,3.141592654,3.141592654,-1.570796327,3.141592654,0.0,-1.570796327,3.141592654,0.0,-1.570796327,1.570796327,3.141592654,3.141592654,3.141592654,3.141592654,1.570796327,0.0,1.570796327,3.141592654,-1.570796327,0.0,3.141592654,1.570796327,-1.570796327,1.570796327,0.0,-1.570796327,-1.570796327,0.0,-1.570796327,0.0,0.0,0.0,3.141592654,0.0,3.141592654,0.0,1.570796327,-1.570796327,1.570796327,1.570796327,1.570796327,3.141592654,1.570796327,0.0,3.141592654,-1.570796327,-1.570796327,0.0,0.0,1.570796327,0.0,3.141592654,0.0,0.0,3.141592654,3.141592654,3.141592654,1.570796327,-1.570796327,0.0,-1.570796327,3.141592654,1.570796327,1.570796327,1.570796327,0.0,1.570796327,0.0,3.141592654,1.570796327,1.570796327,1.570796327,3.141592654,-1.570796327,3.141592654,0.0,-1.570796327,0.0,1.0,18810.3962555
0.0,0.0,-1.570796327,-1.570796327,3.141592654,0.0,1.570796327,0.0,3.141592654,1.570796327,3.141592654,1.570796327,3.141592654,3.141592654,-1.570796327,-1.570796327,1.570796327,0.0,0.0,1.570796327,3.141592654,1.570796327,-1.570796327,1.570796327,-1.570796327,1.570796327,1.570796327,0.0,1.570796327,1.570796327,0.0,0.0,1.570796327,3.141592654,1.570796327,3.141592654,1.570796327,0.0,3.141592654,0.0,1.570796327,3.141592654,0.0,0.0,-1.570796327,3.141592654,3.141592654,3.141592654,3.141592654,0.0,3.141592654,1.570796327,1.570796327,0.0,-1.570796327,-1.570796327,3.141592654,0.0,0.0,-1.570796327,1.570796327,0.0,1.570796327,1.570796327,0.0,3.141592654,-1.570796327,0.0,0.0,1.570796327,1.570796327,0.0,1.570796327,1.570796327,1.570796327,-1.570796327,1.570796327,-1.570796327,-1.570796327,1.570796327,1.0,18943.2018174
-1.570796327,1.570796327,1.570796327,0.0,1.570796327,3.141592654,3.141592654,3.141592654,3.141592654,3.141592654,1.570796327,-1.570796327,-1.570796327,1.570796327,3.141592654,0.0,1.570796327,0.0,3.141592654,0.0,-1.570796327,1.570796327,1.570796327,-1.570796327,3.141592654,0.0,1.570796327,3.141592654,1.570796327,1.570796327,-1.570796327,-1.570796327,3.141592654,3.141592654,0.0,1.570796327,-1.570796327,1.570796327,-1.570796327,1.570796327,-1.570796327,-1.570796327,3.141592654,-1.570796327,3.141592654,3.141592654,0.0,1.570796327,-1.570796327,1.570796327,1.570796327,3.141592654,0.0,1.570796327,0.0,3.141592654,3.141592654,0.0,0.0,1.570796327,1.570796327,-1.570796327,0.0,-1.570796327,0.0,1.570796327,-1.570796327,1.570796327,0.0,3.141592654,-1.570796327,0.0,0.0,-1.570796327,1.570796327,0.0,0.0,3.141592654,3.141592654,1.570796327,1.0,19077.3471457
1.570796327,3.141592654,1.570796327,1.570796327,1.570796327,1.570796327,1.570796327,-1.570796327,1.570796327,-1.570796327,0.0,0.0,3.141592654,0.0,3.141592654,-1.570796327,1.570796327,-1.570796327,-1.570796327,0.0,3.141592654,3.141592654,0.0,1.570796327,3.141592654,1.570796327,-1.570796327,0.0,1.570796327,1.570796327,-1.570796327,1.570796327,-1.570796327,0.0,0.0,0.0,0.0,0.0,1.570796327,3.141592654,1.570796327,0.0,1.570796327,0.0,1.570796327,0.0,3.141592654,3.141592654,1.570796327,3.141592654,1.570796327,-1.570796327,3.141592654,-1.570796327,0.0,3.141592654,1.570796327,1.570796327,0.0,-1.570796327,0.0,1.570796327,0.0,1.570796327,-1.570796327,0.0,1.570796327,1.570796327,1.570796327,-1.570796327,0.0,0.0,3.141592654,1.570796327,0.0,0.0,1.570796327,-1.570796327,-1.570796327,-1.570796327,1.0,19209.980345
-1.570796327,1.570796327,1.570796327,1.570796327,0.0,1.570796327,-1.570796327,3.141592654,1.570796327,-1.570796327,0.0,0.0,-1.570796327,-1.570796327,0.0,0.0,0.0,1.570796327,1.570796327,3.141592654,-1.570796327,-1.570796327,3.141592654,3.141592654,3.141592654,3.141592654,-1.570796327,-1.570796327,3.141592654,3.141592654,1.570796327,3.141592654,3.141592654,0.0,1.570796327,3.141592654,0.0,-1.570796327,1.570796327,1.570796327,3.141592654,3.141592654,0.0,3.141592654,1.570796327,0.0,-1.570796327,-1.570796327,3.141592654,3.141592654,0.0,-1.570796327,3.141592654,1.570796327,1.570796327,1.570796327,1.570796327,0.0,0.0,1.570796327,3.141592654,3.141592654,0.0,1.570796327,1.570796327,0.0,0.0,-1.570796327,1.570796327,1.570796327,0.0,0.0,1.570796327,3.141592654,3.141592654,0.0,3.141592654,-1.570796327,0.0,0.0,1.0,19342.5601668
1.570796327,1.570796327,3.141592654,-1.570796327,0.0,-1.570796327,1.570796327,-1.570796327,1.570796327,3.141592654,1.570796327,3.141592654,-1.570796327,3.141592654,3.141592654,-1.570796327,0.0,-1.570796327,-1.570796327,0.0,1.570796327,3.141592654,-1.570796327,1.570796327,-1.570796327,3.141592654,1.570796327,0.0,-1.570796327,0.0,-1.570796327,0.0,3.141592654,1.570796327,0.0,0.0,-1.570796327,-1.570796327,0.0,1.570796327,0.0,0.0,0.0,1.570796327,-1.570796327,0.0,0.0,3.141592654,1.570796327,1.570796327,0.0,-1.570796327,1.570796327,0.0,1.570796327,-1.570796327,-1.570796327,1.570796327,1.570796327,0.0,0.0,0.0,-1.570796327,-1.570796327,-1.570796327,0.0,3.141592654,0.0,1.570796327,1.570796327,0.0,-1.570796327,3.141592654,-1.570796327,0.0,0.0,-1.570796327,1.570796327,3.141592654,-1.570796327,1.0,19475.3470676
1.570796327,0.0,-1.570796327,-1.570796327,1.570796327,0.0,-1.570796327,3.141592654,1.570796327,-1.570796327,-1.570796327,1.570796327,1.570796327,0.0,3.141592654,1.570796327,-1.570796327,-1.570796327,3.141592654,3.141592654,1.570796327,0.0,3.141592654,3.141592654,1.570796327,3.141592654,0.0,3.141592654,1.570796327,-1.570796327,-1.570796327,3.141592654,-1.570796327,3.141592654,1.570796327,3.141592654,1.570796327,0.0,3.141592654,-1.570796327,3.141592654,-1.570796327,-1.570796327,0.0,-1.570796327,3.141592654,-1.570796327,1.570796327,0.0,-1.570796327,0.0,3.141592654,1.570796327,0.0,0.0,3.141592654,3.141592654,0.0,1.570796327,1.570796327,0.0,0.0,3.141592654,3.141592654,3.141592654,0.0,0.0,3.141592654,0.0,-1.570796327,3.141592654,3.141592654,3.141592654,3.141592654,-1.570796327,3.141592654,1.570796327,0.0,3.141592654,-1.570796327,1.0,19607.7651793
3.141592654,0.0,0.0,-1.570796327,3.141592654,1.570796327,-1.570796327,-1.570796327,0.0,3.141592654,3.141592654,-1.570796327,-1.570796327,0.0,3.141592654,1.570796327,0.0,0.0,1.570796327,-1.570796327,1.570796327,-1.570796327,1.570796327,3.141592654,1.570796327,3.141592654,3.141592654,0.0,1.570796327,-1.570796327,-1.570796327,0.0,-1.570796327,3.141592654,1.570796327,0.0,-1.570796327,1.570796327,-1.570796327,0.0,1.570796327,-1.570796327,1.570796327,3.141592654,1.570796327,0.0,3.141592654,0.0,0.0,-1.570796327,1.570796327,0.0,3.141592654,-1.570796327,1.570796327,3.141592654,0.0,3.141592654,0.0,1.570796327,0.0,0.0,0.0,-1.570796327,-1.570796327,3.141592654,3.141592654,-1.570796327,0.0,1.570796327,3.141592654,1.570796327,3.141592654,1.570796327,0.0,1.570796327,0.0,3.141592654,0.0,0.0,1.0,19740.5178971
0.0,3.141592654,-1.570796327,1.570796327,3.141592654,3.141592654,-1.570796327,3.141592654,3.141592654,1.570796327,0.0,3.141592654,0.0,3.141592654,1.570796327,-1.570796327,1.570796327,0.0,3.141592654,-1.570796327,3.141592654,-1.570796327,3.141592654,-1.570796327,1.570796327,3.141592654,0.0,0.0,-1.570796327,0.0,-1.570796327,1.570796327,0.0,0.0,-1.570796327,1.570796327,3.141592654,1.570796327,1.570796327,3.141592654,1.570796327,1.570796327,1.570796327,1.570796327,-1.570796327,3.141592654,-1.570796327,3.141592654,3.141592654,-1.570796327,-1.570796327,3.141592654,-1.570796327,-1.570796327,3.141592654,0.0,3.141592654,-1.570796327,0.0,3.141592654,-1.570796327,1.570796327,3.141592654,0.0,3.141592654,-1.570796327,-1.570796327,-1.570796327,-1.570796327,0.0,1.570796327,0.0,1.570796327,0.0,3.141592654,-1.570796327,-1.570796327,-1.570796327,1.570796327,-1.570796327,1.0,19874.5844028
1.570796327,-1.570796327,0.0,3.141592654,-1.570796327,1.570796327,-1.570796327,-1.570796327,0.0,-1.570796327,-1.570796327,0.0,3.141592654,0.0,0.0,1.570796327,0.0,1.570796327,0.0,0.0,-1.570796327,-1.570796327,3.141592654,1.570796327,0.0,1.570796327,-1.570796327,1.570796327,1.570796327,1.570796327,3.141592654,1.570796327,3.141592654,3.141592654,3.141592654,3.141592654,0.0,3.141592654,3.141592654,0.0,3.141592654,3.141592654,1.570796327,1.570796327,3.141592654,3.141592654,1.570796327,-1.570796327,3.141592654,-1.570796327,3.141592654,3.141592654,0.0,3.141592654,1.570796327,1.570796327,-1.570796327,-1.570796327,-1.570796327,1.570796327,3.141592654,1.570796327,-1.570796327,3.141592654,0.0,0.0,-1.570796327,1.570796327,3.141592654,-1.570796327,-1.570796327,0.0,0.0,-1.570796327,-1.570796327,-1.570796327,1.570796327,3.141592654,1.570796327,0.0,1.0,20007.8639865
1.570796327,3.141592654,0.0,3.141592654,3.141592654,0.0,1.570796327,3.141592654,0.0,-1.570796327,0.0,-1.570796327,-1.570796327,-1.570796327,1.570796327,-1.570796327,0.0,1.570796327,-1.570796327,3.141592654,-1.570796327,-1.570796327,3.141592654,3.141592654,0.0,3.141592654,0.0,0.0,3.141592654,1.570796327,3.141592654,0.0,-1.570796327,0.0,-1.570796327,3.141592654,0.0,0.0,-1.570796327,0.0,-1.570796327,0.0,3.141592654,3.141592654,-1.570796327,3.141592654,1.570796327,-1.570796327,-1.570796327,0.0,3.141592654,-1.570796327,3.141592654,0.0,1.570796327,3.141592654,1.570796327,1.570796327,3.141592654,3.141592654,3.141592654,1.570796327,3.141592654,3.141592654,-1.570796327,1.570796327,1.570796327,-1.570796327,0.0,0.0,3.141592654,3.141592654,1.570796327,3.141592654,-1.570796327,1.570796327,1.570796327,1.570796327,-1.570796327,0.0,1.0,20140.8284584
-1.570796327,-1.570796327,1.570796327,-1.570796327,-1.570796327,-1.570796327,0.0,1.570796327,1.570796327,-1.570796327,1.570796327,0.0,0.0,-1.570796327,0.0,1.570796327,-1.570796327,3.141592654,3.141592654,-1.570796327,1.570796327,0.0,-1.570796327,3.141592654,0.0,1.570796327,0.0,0.0,0.0,3.141592654,-1.570796327,-1.570796327,0.0,-1.570796327,0.0,3.141592654,3.141592654,1.570796327,0.0,-1.570796327,0.0,-1.570796327,3.141592654,0.0,3.141592654,1.570796327,1.570796327,-1.570796327,0.0,3.141592654,0.0,3.141592654,1.570796327,0.0,3.141592654,3.141592654,0.0,3.141592654,1.570796327,0.0,3.141592654,-1.570796327,1.570796327,3.141592654,0.0,3.141592654,1.570796327,-1.570796327,1.570796327,-1.570796327,0.0,-1.570796327,1.570796327,-1.570796327,0.0,3.141592654,3.141592654,3.141592654,-1.570796327,3.141592654,1.0,20272.4326108
-1.570796327,0.0,1.570796327,3.141592654,3.141592654,0.0,3.141592654,3.141592654,0.0,3.141592654,0.0,3.141592654,0.0,3.141592654,3.141592654,1.570796327,1.570796327,1.570796327,0.0,-1.570796327,0.0,-1.570796327,1.570796327,3.141592654,1.570796327,3.141592654,0.0,-1.570796327,0.0,-1.570796327,1.570796327,0.0,1.570796327,3.141592654,0.0,3.141592654,3.141592654,-1.570796327,1.570796327,0.0,3.141592654,1.570796327,0.0,1.570796327,0.0,0.0,-1.570796327,0.0,-1.570796327,-1.570796327,3.141592654,1.570796327,1.570796327,-1.570796327,-1.570796327,3.141592654,0.0,3.141592654,-1.570796327,-1.570796327,3.141592654,0.0,-1.570796327,0.0,-1.570796327,0.0,0.0,3.141592654,0.0,1.570796327,3.141592654,0.0,3.141592654,1.570796327,3.141592654,1.570796327,1.570796327,3.141592654,0.0,3.141592654,1.0,20403.8300954
-1.570796327,0.0,3.141592654,3.141592654,3.141592654,-1.570796327,-1.570796327,1.570796327,0.0,1.570796327,-1.570796327,-1.570796327,0.0,3.141592654,3.141592654,3.141592654,1.570796327,1.570796327,0.0,3.141592654,-1.570796327,1.570796327,0.0,1.570796327,-1.570796327,1.570796327,3.141592654,0.0,-1.570796327,-1.570796327,3.141592654,-1.570796327,1.570796327,1.570796327,-1.570796327,0.0,-1.570796327,-1.570796327,-1.570796327,0.0,0.0,1.570796327,1.570796327,-1.570796327,-1.570796327,-1.570796327,3.141592654,0.0,1.570796327,3.141592654,1.570796327,-1.570796327,3.141592654,3.141592654,1.570796327,3.141592654,0.0,-1.570796327,1.570796327,-1.570796327,3.141592654,1.570796327,3.141592654,3.141592654,1.570796327,0.0,1.570796327,3.141592654,3.141592654,0.0,1.570796327,1.570796327,0.0,-1.570796327,3.141592654,-1.570796327,3.141592654,0.0,1.570796327,-1.570796327,1.0,20536.59519
1.570796327,-1.570796327,-1.570796327,3.141592654,3.141592654,0.0,3.141592654,1.570796327,1.570796327,3.141592654,1.570796327,3.141592654,3.141592654,-1.570796327,3.141592654,1.570796327,3.141592654,0.0,3.141592654,1.570796327,0.0,3.141592654,-1.570796327,-1.570796327,1.570796327,0.0,-1.570796327,0.0,0.0,1.570796327,0.0,-1.570796327,1.570796327,-1.570796327,3.141592654,1.570796327,-1.570796327,-1.570796327,1.570796327,-1.570796327,0.0,-1.570796327,3.141592654,0.0,0.0,1.570796327,1.570796327,1.570796327,1.570796327,1.570796327,-1.570796327,0.0,1.570796327,3.141592654,3.141592654,3.141592654,0.0,3.141592654,1.570796327,3.141592654,1.570796327,-1.570796327,-1.570796327,0.0,0.0,-1.570796327,0.0,0.0,-1.570796327,3.141592654,-1.570796327,3.141592654,3.141592654,3.141592654,-1.570796327,-1.570796327,1.570796327,3.141592654,1.570796327,1.570796327,1.0,20670.1233127
3.141592654,3.141592654,0.0,-1.570796327,0.0,-1.570796327,3.141592654,-1.570796327,1.570796327,3.141592654,0.0,3.141592654,1.570796327,0.0,0.0,1.570796327,-1.570796327,-1.570796327,1.570796327,0.0,-1.570796327,0.0,1.570796327,1.570796327,3.141592654,3.141592654,1.570796327,3.141592654,3.141592654,1.570796327,3.141592654,1.570796327,1.570796327,0.0,0.0,3.141592654,-1.570796327,3.141592654,-1.570796327,-1.570796327,0.0,-1.570796327,0.0,3.141592654,3.141592654,-1.570796327,0.0,-1.570796327,-1.570796327,0.0,0.0,-1.570796327,1.570796327,0.0,3.141592654,3.141592654,-1.570796327,1.570796327,1.570796327,-1.570796327,-1.570796327,1.570796327,1.570796327,0.0,-1.570796327,0.0,0.0,0.0,1.570796327,3.141592654,1.570796327,1.570796327,1.570796327,-1.570796327,0.0,1.570796327,1.570796327,3.141592654,-1.570796327,3.141592654,1.0,20801.9665946
0.0,1.570796327,3.141592654,-1.570796327,3.141592654,0.0,0.0,0.0,1.570796327,-1.570796327,-1.570796327,0.0,-1.570796327,1.570796327,1.570796327,1.570796327,0.0,3.141592654,-1.570796327,1.570796327,1.570796327,-1.570796327,3.141592654,-1.570796327,0.0,-1.570796327,0.0,-1.570796327,1.570796327,0.0,3.141592654,3.141592654,0.0,1.570796327,-1.570796327,1.570796327,1.570796327,-1.570796327,3.141592654,3.141592654,1.570796327,3.141592654,3.141592654,-1.570796327,3.141592654,-1.570796327,3.141592654,3.141592654,0.0,1.570796327,1.570796327,1.570796327,0.0,3.141592654,-1.570796327,-1.570796327,0.0,1.570796327,3.141592654,-1.570796327,3.141592654,0.0,1.570796327,3.141592654,0.0,3.141592654,3.141592654,0.0,3.141592654,1.570796327,-1.570796327,3.141592654,3.141592654,-1.570796327,-1.570796327,1.570796327,0.0,-1.570796327,1.570796327,1.570796327,1.0,20934.8062247
-1.570796327,3.141592654,1.570796327,0.0,1.570796327,0.0,1.570796327,-1.570796327,0.0,3.141592654,0.0,3.141592654,0.0,0.0,1.570796327,-1.570796327,-1.570796327,-1.570796327,3.141592654,0.0,-1.570796327,1.570796327,0.0,1.570796327,0.0,-1.570796327,3.141592654,-1.570796327,3.141592654,-1.570796327,1.570796327,3.141592654,-1.570796327,0.0,3.141592654,3.141592654,3.141592654,3.141592654,3.141592654,0.0,1.570796327,-1.570796327,1.570796327,3.141592654,0.0,0.0,0.0,0.0,-1.570796327,-1.570796327,0.0,0.0,0.0,3.141592654,0.0,0.0,-1.570796327,1.570796327,-1.570796327,0.0,3.141592654,1.570796327,0.0,-1.570796327,3.141592654,-1.570796327,-1.570796327,3.141592654,1.570796327,1.570796327,1.570796327,1.570796327,-1.570796327,-1.570796327,3.141592654,0.0,-1.570796327,-1.570796327,1.570796327,1.570796327,1.0,21067.0549074
3.141592654,0.0,-1.570796327,1.570796327,0.0,-1.570796327,1.570796327,-1.570796327,-1.570796327,3.141592654,-1.570796327,-1.570796327,1.570796327,1.570796327,0.0,1.570796327,3.141592654,0.0,-1.570796327,0.0,1.570796327,0.0,0.0,-1.570796327,1.570796327,1.570796327,-1.570796327,-1.570796327,3.141592654,3.141592654,3.141592654,-1.570796327,1.570796327,1.570796327,3.141592654,-1.570796327,3.141592654,1.570796327,1.570796327,0.0,0.0,-1.570796327,0.0,1.570796327,0.0,3.141592654,-1.570796327,-1.570796327,-1.570796327,3.141592654,-1.570796327,-1.570796327,3.141592654,-1.570796327,-1.570796327,-1.570796327,3.141592654,0.0,-1.570796327,-1.570796327,1.570796327,0.0,1.570796327,-1.570796327,0.0,0.0,-1.570796327,0.0,3.141592654,3.141592654,-1.570796327,1.570796327,-1.570796327,-1.570796327,3.141592654,0.0,0.0,-1.570796327,-1.570796327,1.570796327,1.0,21201.9850832
0.0,3.141592654,1.570796327,3.141592654,1.570796327,-1.570796327,3.141592654,-1.570796327,3.141592654,0.0,1.570796327,0.0,3.141592654,0.0,3.141592654,1.570796327,-1.570796327,1.570796327,-1.570796327,0.0,-1.570796327,3.141592654,3.141592654,3.141592654,3.141592654,3.141592654,-1.570796327,0.0,0.0,1.570796327,-1.570796327,0.0,-1.570796327,-1.570796327,-1.570796327,1.570796327,1.570796327,1.570796327,0.0,0.0,3.141592654,3.141592654,3.141592654,1.570796327,0.0,0.0,-1.570796327,1.570796327,1.570796327,-1.570796327,-1.570796327,-1.570796327,1.570796327,0.0,-1.570796327,0.0,0.0,1.570796327,3.141592654,0.0,1.570796327,3.141592654,1.570796327,3.141592654,-1.570796327,1.570796327,3.141592654,0.0,1.570796327,0.0,1.570796327,-1.570796327,-1.570796327,3.141592654,0.0,0.0,-1.570796327,0.0,3.141592654,0.0,1.0,21333.995603
-1.570796327,0.0,0.0,3.141592654,3.141592654,-1.570796327,-1.570796327,0.0,1.570796327,0.0,-1.570796327,-1.570796327,-1.570796327,0.0,1.570796327,3.141592654,3.141592654,-1.570796327,-1.570796327,-1.570796327,-1.570796327,0.0,0.0,0.0,1.570796327,1.570796327,1.570796327,0.0,3.141592654,1.570796327,3.141592654,3.141592654,-1.570796327,3.141592654,0.0,0.0,0.0,3.141592654,1.570796327,3.141592654,3.141592654,0.0,-1.570796327,1.570796327,1.570796327,-1.570796327,1.570796327,1.570796327,3.141592654,-1.570796327,3.141592654,0.0,0.0,3.141592654,0.0,3.141592654,0.0,3.141592654,0.0,-1.570796327,-1.570796327,3.141592654,1.570796327,1.570796327,1.570796327,1.570796327,0.0,-1.570796327,0.0,0.0,0.0,-1.570796327,0.0,0.0,1.570796327,0.0,1.570796327,3.141592654,-1.570796327,1.570796327,1.0,21467.0228836
0.0,0.0,3.141592654,0.0,-1.570796327,0.0,1.570796327,-1.570796327,-1.570796327,-1.570796327,1.570796327,3.141592654,-1.570796327,-1.570796327,3.141592654,3.141592654,-1.570796327,0.0,-1.570796327,3.141592654,3.141592654,-1.570796327,-1.570796327,3.141592654,0.0,0.0,3.141592654,1.570796327,-1.570796327,-1.570796327,0.0,3.141592654,3.141592654,-1.570796327,3.141592654,3.141592654,1.570796327,3.141592654,-1.570796327,0.0,3.141592654,-1.570796327,0.0,0.0,0.0,1.570796327,-1.570796327,3.141592654,0.0,-1.570796327,0.0,3.141592654,-1.570796327,-1.570796327,0.0,-1.570796327,0.0,1.570796327,0.0,0.0,1.570796327,-1.570796327,0.0,0.0,-1.570796327,1.570796327,-1.570796327,1.570796327,1.570796327,3.141592654,0.0,-1.570796327,1.570796327,-1.570796327,3.141592654,0.0,3.141592654,3.141592654,0.0,1.570796327,1.0,21599.145584
1.570796327,-1.570796327,3.141592654,3.141592654,1.570796327,1.570796327,3.141592654,0.0,-1.570796327,3.141592654,1.570796327,0.0,1.570796327,-1.570796327,-1.570796327,0.0,3.141592654,1.570796327,0.0,3.141592654,1.570796327,-1.570796327,1.570796327,0.0,0.0,0.0,-1.570796327,0.0,0.0,1.570796327,-1.570796327,-1.570796327,-1.570796327,0.0,3.141592654,3.141592654,1.570796327,3.141592654,0.0,3.141592654,3.141592654,3.141592654,3.141592654,0.0,3.141592654,3.141592654,3.141592654,1.570796327,1.570796327,3.141592654,3.141592654,-1.570796327,-1.570796327,1.570796327,3.141592654,-1.570796327,0.0,3.141592654,3.141592654,1.570796327,1.570796327,3.141592654,0.0,0.0,3.141592654,3.141592654,3.141592654,1.570796327,3.141592654,3.141592654,-1.570796327,0.0,1.570796327,1.570796327,3.141592654,1.570796327,0.0,3.141592654,-1.570796327,1.570796327,1.0,21732.9982157
0.0,-1.570796327,0.0,1.570796327,3.141592654,-1.570796327,3.141592654,0.0,-1.570796327,0.0,1.570796327,0.0,1.570796327,-1.570796327,-1.570796327,3.141592654,1.570796327,0.0,3.141592654,-1.570796327,-1.570796327,3.141592654,3.141592654,-1.570796327,3.141592654,3.141592654,0.0,-1.570796327,1.570796327,0.0,-1.570796327,-1.570796327,1.570796327,0.0,3.141592654,3.141592654,1.570796327,0.0,0.0,1.570796327,1.570796327,-1.570796327,-1.570796327,-1.570796327,-1.570796327,3.141592654,0.0,-1.570796327,0.0,0.0,1.570796327,0.0,-1.570796327,3.141592654,0.0,-1.570796327,0.0,3.141592654,1.570796327,3.141592654,0.0,3.141592654,-1.570796327,3.141592654,1.570796327,0.0,-1.570796327,-1.570796327,0.0,3.141592654,0.0,-1.570796327,0.0,0.0,3.141592654,1.570796327,3.141592654,0.0,0.0,1.570796327,1.0,21865.7740006
-1.570796327,3.141592654,3.141592654,-1.570796327,3.141592654,-1.570796327,3.141592654,-1.570796327,0.0,0.0,-1.570796327,0.0,-1.570796327,0.0,1.570796327,3.141592654,1.570796327,1.570796327,0.0,-1.570796327,3.141592654,3.141592654,-1.570796327,-1.570796327,1.570796327,3.141592654,1.570796327,0.0,0.0,-1.570796327,1.570796327,0.0,3.141592654,1.570796327,-1.570796327,3.141592654,1.570796327,-1.570796327,3.141592654,-1.570796327,0.0,3.141592654,3.141592654,0.0,-1.570796327,0.0,-1.570796327,0.0,1.570796327,3.141592654,-1.570796327,-1.570796327,-1.570796327,3.141592654,1.570796327,0.0,0.0,-1.570796327,3.141592654,1.570796327,-1.570796327,3.141592654,1.570796327,3.141592654,0.0,0.0,3.141592654,1.570796327,3.141592654,0.0,3.141592654,3.141592654,1.570796327,-1.570796327,3.141592654,0.0,0.0,0.0,3.141592654,1.570796327,1.0,21999.2522825
-1.570796327,-1.570796327,3.141592654,1.570796327,3.141592654,0.0,1.570796327,0.0,1.570796327,0.0,1.570796327,3.141592654,-1.570796327,0.0,0.0,1.570796327,-1.570796327,-1.570796327,-1.570796327,-1.570796327,1.570796327,-1.570796327,0.0,-1.570796327,0.0,1.570796327,-1.570796327,0.0,3.141592654,0.0,0.0,1.570796327,-1.570796327,0.0,0.0,0.0,1.570796327,3.141592654,1.570796327,0.0,-1.570796327,3.141592654,1.570796327,3.141592654,1.570796327,0.0,-1.570796327,3.141592654,-1.570796327,1.570796327,0.0,3.141592654,-1.570796327,-1.570796327,3.141592654,0.0,3.141592654,1.570796327,3.141592654,1.570796327,1.570796327,1.570796327,3.141592654,3.141592654,1.570796327,3.141592654,-1.570796327,0.0,0.0,0.0,1.570796327,0.0,0.0,3.141592654,0.0,0.0,1.570796327,3.141592654,3.141592654,1.570796327,1.0,22131.4153681
0.0,1.570796327,-1.570796327,0.0,1.570796327,0.0,-1.570796327,1.570796327,1.570796327,1.570796327,-1.570796327,1.570796327,-1.570796327,0.0,3.141592654,3.141592654,-1.570796327,0.0,3.141592654,3.141592654,0.0,0.0,3.141592654,-1.570796327,1.570796327,3.141592654,1.570796327,3.141592654,3.141592654,-1.570796327,1.570796327,1.570796327,1.570796327,0.0,-1.570796327,-1.570796327,-1.570796327,0.0,-1.570796327,1.570796327,-1.570796327,0.0,1.570796327,0.0,-1.570796327,0.0,1.570796327,3.141592654,-1.570796327,-1.570796327,3.141592654,3.141592654,-1.570796327,1.570796327,0.0,-1.570796327,-1.570796327,0.0,-1.570796327,1.570796327,0.0,0.0,1.570796327,3.141592654,1.570796327,3.141592654,1.570796327,3.141592654,0.0,1.570796327,0.0,0.0,1.570796327,1.570796327,-1.570796327,1.570796327,0.0,-1.570796327,3.141592654,-1.570796327,1.0,22262.7696169
0.0,1.570796327,-1.570796327,3.141592654,3.141592654,0.0,3.141592654,3.141592654,1.570796327,1.570796327,0.0,1.570796327,3.141592654,3.141592654,1.570796327,0.0,3.141592654,1.570796327,3.141592654,3.141592654,0.0,-1.570796327,3.141592654,0.0,3.141592654,-1.570796327,0.0,0.0,-1.570796327,3.141592654,0.0,-1.570796327,0.0,-1.570796327,-1.570796327,-1.570796327,3.141592654,1.570796327,3.141592654,0.0,3.141592654,1.570796327,-1.570796327,3.141592654,3.141592654,1.570796327,0.0,3.141592654,1.570796327,-1.570796327,3.141592654,1.570796327,-1.570796327,1.570796327,-1.570796327,-1.570796327,-1.570796327,1.570796327,1.570796327,-1.570796327,1.570796327,1.570796327,0.0,1.570796327,3.141592654,-1.570796327,1.570796327,1.570796327,1.570796327,1.570796327,0.0,1.570796327,0.0,-1.570796327,0.0,3.141592654,0.0,0.0,-1.570796327,-1.570796327,1.0,22396.0077001
1.570796327,3.141592654,0.0,0.0,-1.570796327,3.141592654,1.570796327,3.141592654,3.141592654,3.141592654,1.570796327,1.570796327,-1.570796327,0.0,1.570796327,-1.570796327,-1.570796327,3.141592654,0.0,1.570796327,-1.570796327,3.141592654,-1.570796327,0.0,-1.570796327,3.141592654,-1.570796327,1.570796327,-1.570796327,-1.570796327,1.570796327,1.570796327,0.0,-1.570796327,3.141592654,-1.570796327,-1.570796327,3.141592654,-1.570796327,-1.570796327,-1.570796327,0.0,0.0,0.0,-1.570796327,1.570796327,-1.570796327,0.0,-1.570796327,3.141592654,0.0,-1.570796327,3.141592654,-1.570796327,-1.570796327,1.570796327,0.0,0.0,0.0,-1.570796327,-1.570796327,0.0,1.570796327,-1.570796327,1.570796327,0.0,3.141592654,-1.570796327,3.141592654,1.570796327,1.570796327,1.570796327,0.0,3.141592654,-1.570796327,3.141592654,1.570796327,0.0,-1.570796327,3.141592654,1.0,22530.032178
3.141592654,-1.570796327,-1.570796327,1.570796327,0.0,3.141592654,0.0,3.141592654,3.141592654,-1.570796327,1.570796327,3.141592654,-1.570796327,3.141592654,1.570796327,0.0,0.0,-1.570796327,3.141592654,0.0,3.141592654,3.141592654,0.0,0.0,1.570796327,0.0,0.0,1.570796327,0.0,3.141592654,3.141592654,-1.570796327,1.570796327,1.570796327,-1.570796327,1.570796327,0.0,-1.570796327,1.570796327,0.0,0.0,1.570796327,0.0,1.570796327,3.141592654,0.0,-1.570796327,3.141592654,0.0,0.0,1.570796327,1.570796327,3.141592654,1.570796327,0.0,-1.570796327,3.141592654,3.141592654,0.0,3.141592654,0.0,3.141592654,0.0,-1.570796327,1.570796327,0.0,-1.570796327,1.570796327,-1.570796327,-1.570796327,3.141592654,0.0,0.0,0.0,1.570796327,-1.570796327,3.141592654,1.570796327,0.0,-1.570796327,1.0,22662.0570509
3.141592654,3.141592654,0.0,3.141592654,3.141592654,1.570796327,3.141592654,1.570796327,0.0,-1.570796327,1.570796327,0.0,0.0,3.141592654,3.141592654,1.570796327,3.141592654,1.570796327,1.570796327,-1.570796327,0.0,1.570796327,3.141592654,-1.570796327,1.570796327,1.570796327,0.0,-1.570796327,1.570796327,1.570796327,-1.570796327,-1.570796327,3.141592654,3.141592654,3.141592654,0.0,-1.570796327,-1.570796327,0.0,-1.570796327,1.570796327,1.570796327,1.570796327,1.570796327,3.141592654,3.141592654,3.141592654,-1.570796327,0.0,0.0,3.141592654,-1.570796327,-1.570796327,-1.570796327,1.570796327,0.0,0.0,-1.570796327,1.570796327,1.570796327,0.0,-1.570796327,1.570796327,3.141592654,-1.570796327,1.570796327,3.141592654,3.141592654,-1.570796327,3.141592654,3.141592654,0.0,-1.570796327,1.570796327,0.0,1.570796327,1.570796327,0.0,1.570796327,-1.570796327,1.0,22795.0284119
3.141592654,-1.570796327,0.0,-1.570796327,-1.570796327,1.570796327,3.141592654,-1.570796327,-1.570796327,-1.570796327,0.0,1.570796327,3.141592654,-1.570796327,1.570796327,1.570796327,0.0,0.0,1.570796327,0.0,0.0,0.0,1.570796327,3.141592654,0.0,1.570796327,3.141592654,3.141592654,3.141592654,3.141592654,1.570796327,3.141592654,3.141592654,3.141592654,3.141592654,-1.570796327,0.0,0.0,1.570796327,-1.570796327,3.141592654,0.0,-1.570796327,1.570796327,1.570796327,1.570796327,0.0,3.141592654,3.141592654,0.0,-1.570796327,3.141592654,-1.570796327,-1.570796327,0.0,3.141592654,3.141592654,3.141592654,1.570796327,-1.570796327,0.0,0.0,0.0,1.570796327,3.141592654,1.570796327,-1.570796327,1.570796327,1.570796327,1.570796327,0.0,3.141592654,-1.570796327,1.570796327,1.570796327,-1.570796327,3.141592654,0.0,1.570796327,1.570796327,1.0,22928.2002538
-1.570796327,-1.570796327,3.141592654,1.570796327,1.570796327,3.141592654,0.0,3.141592654,1.570796327,3.141592654,0.0,0.0,1.570796327,1.570796327,0.0,-1.570796327,0.0,3.141592654,1.570796327,0.0,3.141592654,0.0,3.141592654,-1.570796327,0.0,3.141592654,-1.570796327,3.141592654,1.570796327,0.0,0.0,3.141592654,-1.570796327,3.141592654,0.0,-1.570796327,0.0,1.570796327,0.0,0.0,0.0,1.570796327,3.141592654,0.0,0.0,0.0,0.0,3.141592654,-1.570796327,-1.570796327,0.0,0.0,3.141592654,0.0,0.0,3.141592654,0.0,0.0,0.0,1.570796327,1.570796327,-1.570796327,-1.570796327,-1.570796327,3.141592654,3.141592654,-1.570796327,3.141592654,1.570796327,-1.570796327,3.141592654,3.141592654,0.0,-1.570796327,1.570796327,0.0,-1.570796327,3.141592654,0.0,0.0,1.0,23060.5474125
-1.570796327,0.0,0.0,-1.570796327,-1.570796327,3.141592654,1.570796327,0.0,3.141592654,3.141592654,1.570796327,0.0,0.0,-1.570796327,-1.570796327,3.141592654,0.0,0.0,3.141592654,0.0,1.570796327,0.0,-1.570796327,1.570796327,3.141592654,1.570796327,3.141592654,-1.570796327,1.570796327,3.141592654,0.0,1.570796327,1.570796327,0.0,1.570796327,0.0,3.141592654,0.0,0.0,1.570796327,-1.570796327,3.141592654,0.0,0.0,3.141592654,-1.570796327,0.0,-1.570796327,1.570796327,3.141592654,0.0,-1.570796327,3.141592654,3.141592654,3.141592654,1.570796327,0.0,1.570796327,3.141592654,3.141592654,0.0,1.570796327,3.141592654,-1.570796327,3.141592654,0.0,1.570796327,-1.570796327,-1.570796327,1.570796327,-1.570796327,3.141592654,1.570796327,3.141592654,0.0,-1.570796327,0.0,3.141592654,-1.570796327,-1.570796327,1.0,23193.0731425
-1.570796327,-1.570796327,-1.570796327,1.570796327,0.0,0.0,1.570796327,0.0,3.141592654,0.0,-1.570796327,1.570796327,0.0,1.570796327,1.570796327,0.0,0.0,-1.570796327,3.141592654,1.570796327,1.570796327,-1.570796327,-1.570796327,3.141592654,0.0,-1.570796327,0.0,0.0,1.570796327,0.0,0.0,0.0,1.570796327,1.570796327,-1.570796327,1.570796327,-1.570796327,1.570796327,-1.570796327,3.141592654,3.141592654,0.0,0.0,1.570796327,0.0,0.0,-1.570796327,0.0,0.0,3.141592654,1.570796327,0.0,3.141592654,0.0,3.141592654,-1.570796327,0.0,3.141592654,1.570796327,3.141592654,-1.570796327,-1.570796327,0.0,-1.570796327,-1.570796327,1.570796327,3.141592654,-1.570796327,0.0,3.141592654,1.570796327,-1.570796327,0.0,3.141592654,1.570796327,0.0,-1.570796327,-1.570796327,-1.570796327,3.141592654,1.0,23326.0798197
1.570796327,0.0,1.570796327,1.570796327,0.0,3.141592654,0.0,3.141592654,0.0,0.0,1.570796327,0.0,1.570796327,0.0,1.570796327,3.141592654,-1.570796327,1.570796327,3.141592654,-1.570796327,3.141592654,-1.570796327,-1.570796327,1.570796327,3.141592654,0.0,3.141592654,0.0,-1.570796327,1.570796327,3.141592654,-1.570796327,-1.570796327,-1.570796327,0.0,-1.570796327,3.141592654,0.0,1.570796327,1.570796327,-1.570796327,-1.570796327,0.0,1.570796327,0.0,1.570796327,0.0,3.141592654,-1.570796327,-1.570796327,1.570796327,1.570796327,3.141592654,1.570796327,0.0,0.0,-1.570796327,0.0,1.570796327,3.141592654,-1.570796327,-1.570796327,0.0,0.0,1.570796327,0.0,0.0,-1.570796327,3.141592654,1.570796327,-1.570796327,1.570796327,-1.570796327,0.0,0.0,1.570796327,3.141592654,-1.570796327,1.570796327,-1.570796327,1.0,23459.8483877
-1.570796327,1.570796327,0.0,1.570796327,0.0,0.0,-1.570796327,-1.570796327,3.141592654,1.570796327,3.141592654,1.570796327,3.141592654,-1.570796327,3.141592654,0.0,1.570796327,3.141592654,-1.570796327,-1.570796327,1.570796327,-1.570796327,-1.570796327,1.570796327,-1.570796327,3.141592654,0.0,3.141592654,-1.570796327,3.141592654,1.570796327,-1.570796327,0.0,0.0,3.141592654,1.570796327,1.570796327,3.141592654,0.0,3.141592654,3.141592654,0.0,1.570796327,3.141592654,0.0,1.570796327,3.141592654,-1.570796327,1.570796327,1.570796327,3.141592654,1.570796327,-1.570796327,1.570796327,3.141592654,1.570796327,-1.570796327,0.0,0.0,3.141592654,1.570796327,0.0,-1.570796327,1.570796327,3.141592654,3.141592654,3.141592654,0.0,-1.570796327,1.570796327,3.141592654,-1.570796327,-1.570796327,1.570796327,-1.570796327,1.570796327,3.141592654,0.0,0.0,3.141592654,1.0,23593.3816232
-1.570796327,0.0,3.141592654,0.0,-1.570796327,0.0,0.0,-1.570796327,0.0,0.0,0.0,1.570796327,0.0,-1.570796327,3.141592654,1.570796327,0.0,-1.570796327,3.141592654,3.141592654,-1.570796327,0.0,1.570796327,1.570796327,-1.570796327,3.141592654,1.570796327,3.141592654,1.570796327,1.570796327,3.141592654,-1.570796327,-1.570796327,-1.570796327,1.570796327,-1.570796327,3.141592654,1.570796327,-1.570796327,0.0,3.141592654,-1.570796327,1.570796327,3.141592654,-1.570796327,0.0,0.0,-1.570796327,1.570796327,0.0,0.0,0.0,3.141592654,3.141592654,0.0,-1.570796327,1.570796327,0.0,0.0,0.0,-1.570796327,-1.570796327,0.0,0.0,1.570796327,3.141592654,0.0,0.0,1.570796327,0.0,0.0,1.570796327,1.570796327,3.141592654,-1.570796327,3.141592654,1.570796327,1.570796327,0.0,0.0,1.0,23726.0306305
-1.570796327,3.141592654,1.570796327,0.0,3.141592654,0.0,1.570796327,3.141592654,3.141592654,-1.570796327,0.0,-1.570796327,3.141592654,1.570796327,0.0,3.141592654,3.141592654,1.570796327,-1.570796327,0.0,0.0,3.141592654,0.0,-1.570796327,-1.570796327,0.0,1.570796327,3.141592654,1.570796327,-1.570796327,1.570796327,0.0,1.570796327,3.141592654,1.570796327,1.570796327,-1.570796327,3.141592654,0.0,-1.570796327,-1.570796327,1.570796327,1.570796327,0.0,3.141592654,0.0,1.570796327,0.0,-1.570796327,0.0,-1.570796327,0.0,0.0,0.0,3.141592654,-1.570796327,1.570796327,1.570796327,1.570796327,1.570796327,0.0,0.0,-1.570796327,-1.570796327,-1.570796327,3.141592654,0.0,-1.570796327,0.0,3.141592654,1.570796327,1.570796327,1.570796327,-1.570796327,3.141592654,1.570796327,-1.570796327,3.141592654,1.570796327,3.141592654,1.0,23859.2069155
1.570796327,3.141592654,0.0,1.570796327,3.141592654,0.0,0.0,1.570796327,1.570796327,0.0,3.141592654,0.0,0.0,3.141592654,0.0,-1.570796327,1.570796327,0.0,-1.570796327,3.141592654,-1.570796327,-1.570796327,1.570796327,0.0,0.0,1.570796327,1.570796327,3.141592654,-1.570796327,0.0,-1.570796327,1.570796327,-1.570796327,-1.570796327,-1.570796327,0.0,-1.570796327,-1.570796327,1.570796327,3.141592654,0.0,3.141592654,1.570796327,3.141592654,3.141592654,-1.570796327,-1.570796327,1.570796327,0.0,1.570796327,1.570796327,0.0,-1.570796327,3.141592654,-1.570796327,0.0,0.0,3.141592654,3.141592654,3.141592654,-1.570796327,-1.570796327,-1.570796327,0.0,-1.570796327,-1.570796327,1.570796327,1.570796327,1.570796327,0.0,3.141592654,3.141592654,0.0,1.570796327,-1.570796327,0.0,3.141592654,1.570796327,-1.570796327,-1.570796327,1.0,23991.6012363
0.0,0.0,3.141592654,3.141592654,0.0,-1.570796327,0.0,1.570796327,3.141592654,3.141592654,0.0,-1.570796327,1.570796327,-1.570796327,1.570796327,0.0,3.141592654,0.0,0.0,1.570796327,1.570796327,0.0,3.141592654,1.570796327,0.0,0.0,3.141592654,3.141592654,0.0,1.570796327,0.0,0.0,-1.570796327,3.141592654,3.141592654,0.0,1.570796327,1.570796327,-1.570796327,0.0,3.141592654,1.570796327,3.141592654,0.0,1.570796327,-1.570796327,1.570796327,0.0,3.141592654,0.0,0.0,3.141592654,3.141592654,3.141592654,0.0,0.0,-1.570796327,1.570796327,0.0,1.570796327,-1.570796327,1.570796327,1.570796327,3.141592654,3.141592654,3.141592654,3.141592654,3.141592654,3.141592654,3.141592654,0.0,1.570796327,1.570796327,3.141592654,1.570796327,-1.570796327,1.570796327,0.0,-1.570796327,3.141592654,1.0,24125.2692626
1.570796327,0.0,0.0,3.141592654,1.570796327,1.570796327,0.0,0.0,0.0,1.570796327,3.141592654,3.141592654,1.570796327,3.141592654,3.141592654,-1.570796327,-1.570796327,3.141592654,-1.570796327,1.570796327,3.141592654,3.141592654,1.570796327,0.0,-1.570796327,0.0,1.570796327,-1.570796327,3.141592654,1.570796327,1.570796327,3.141592654,-1.570796327,1.570796327,1.570796327,1.570796327,0.0,3.141592654,3.141592654,0.0,-1.570796327,3.141592654,-1.570796327,1.570796327,0.0,0.0,1.570796327,3.141592654,0.0,0.0,3.141592654,1.570796327,1.570796327,3.141592654,-1.570796327,3.141592654,0.0,-1.570796327,1.570796327,0.0,1.570796327,-1.570796327,-1.570796327,3.141592654,-1.570796327,1.570796327,3.141592654,1.570796327,0.0,-1.570796327,3.141592654,0.0,0.0,3.141592654,0.0,1.570796327,1.570796327,1.570796327,1.570796327,-1.570796327,1.0,24257.4761267
1.570796327,0.0,3.141592654,-1.570796327,3.141592654,0.0,-1.570796327,0.0,3.141592654,0.0,0.0,0.0,0.0,1.570796327,-1.570796327,0.0,3.141592654,0.0,1.570796327,-1.570796327,-1.570796327,-1.570796327,0.0,0.0,3.141592654,1.570796327,-1.570796327,0.0,-1.570796327,-1.570796327,3.141592654,-1.570796327,3.141592654,1.570796327,3.141592654,0.0,-1.570796327,0.0,-1.570796327,-1.570796327,1.570796327,0.0,3.141592654,-1.570796327,3.141592654,1.570796327,3.141592654,3.141592654,1.570796327,1.570796327,-1.570796327,0.0,0.0,3.141592654,-1.570796327,3.141592654,-1.570796327,1.570796327,-1.570796327,1.570796327,0.0,3.141592654,0.0,-1.570796327,-1.570796327,1.570796327,-1.570796327,-1.570796327,-1.570796327,1.570796327,0.0,-1.570796327,-1.570796327,-1.570796327,0.0,1.570796327,0.0,0.0,3.141592654,3.141592654,1.0,24390.3396029
0.0,-1.570796327,0.0,1.570796327,1.570796327,3.141592654,3.141592654,0.0,1.570796327,1.570796327,3.141592654,-1.570796327,0.0,3.141592654,0.0,0.0,1.570796327,-1.570796327,0.0,3.141592654,1.570796327,0.0,-1.570796327,1.570796327,3.141592654,-1.570796327,3.141592654,3.141592654,-1.570796327,3.141592654,-1.570796327,3.141592654,3.141592654,-1.570796327,-1.570796327,3.141592654,1.570796327,0.0,3.141592654,-1.570796327,-1.570796327,3.141592654,-1.570796327,0.0,3.141592654,0.0,-1.570796327,3.141592654,0.0,3.141592654,-1.570796327,-1.570796327,0.0,3.141592654,0.0,3.141592654,1.570796327,3.141592654,0.0,1.570796327,3.141592654,0.0,1.570796327,1.570796327,0.0,0.0,-1.570796327,3.141592654,-1.570796327,3.141592654,3.141592654,0.0,3.141592654,0.0,3.141592654,-1.570796327,3.141592654,1.570796327,-1.570796327,1.570796327,1.0,24522.4541545
-1.570796327,-1.570796327,3.141592654,-1.570796327,0.0,1.570796327,0.0,-1.570796327,-1.570796327,0.0,1.570796327,0.0,-1.570796327,-1.570796327,3.141592654,3.141592654,3.141592654,1.570796327,3.141592654,3.141592654,0.0,1.570796327,-1.570796327,1.570796327,3.141592654,-1.570796327,-1.570796327,0.0,0.0,3.141592654,3.141592654,3.141592654,1.570796327,0.0,0.0,-1.570796327,3.141592654,1.570796327,-1.570796327,1.570796327,3.141592654,3.141592654,1.570796327,3.141592654,3.141592654,1.570796327,3.141592654,0.0,-1.570796327,0.0,-1.570796327,-1.570796327,3.141592654,0.0,1.570796327,3.141592654,1.570796327,0.0,0.0,-1.570796327,3.141592654,1.570796327,0.0,0.0,1.570796327,3.141592654,0.0,0.0,0.0,0.0,-1.570796327,-1.570796327,1.570796327,1.570796327,3.141592654,1.570796327,0.0,0.0,0.0,1.570796327,1.0,24654.6711065
1.570796327,1.570796327,1.570796327,-1.570796327,0.0,-1.570796327,3.141592654,3.141592654,0.0,-1.570796327,1.570796327,0.0,0.0,1.570796327,1.570796327,-1.570796327,3.141592654,-1.570796327,0.0,-1.570796327,3.141592654,-1.570796327,-1.570796327,3.141592654,1.570796327,3.141592654,1.570796327,3.141592654,3.141592654,3.141592654,3.141592654,1.570796327,-1.570796327,-1.570796327,1.570796327,3.141592654,1.570796327,0.0,1.570796327,0.0,0.0,1.570796327,1.570796327,0.0,0.0,3.141592654,0.0,-1.570796327,3.141592654,-1.570796327,-1.570796327,-1.570796327,1.570796327,-1.570796327,1.570796327,1.570796327,-1.570796327,0.0,-1.570796327,0.0,0.0,0.0,1.570796327,-1.570796327,3.141592654,0.0,-1.570796327,3.141592654,0.0,3.141592654,0.0,-1.570796327,3.141592654,0.0,-1.570796327,-1.570796327,0.0,1.570796327,1.570796327,-1.570796327,1.0,24787.3490792
3.141592654,1.570796327,-1.570796327,3.141592654,3.141592654,1.570796327,-1.570796327,1.570796327,1.570796327,0.0,3.141592654,1.570796327,0.0,0.0,1.570796327,3.141592654,1.570796327,3.141592654,1.570796327,0.0,3.141592654,0.0,1.570796327,3.141592654,0.0,1.570796327,0.0,3.141592654,-1.570796327,1.570796327,0.0,3.141592654,1.570796327,3.141592654,1.570796327,3.141592654,3.141592654,3.141592654,3.141592654,3.141592654,1.570796327,0.0,1.570796327,1.570796327,0.0,1.570796327,1.570796327,1.570796327,1.570796327,1.570796327,1.570796327,0.0,3.141592654,-1.570796327,0.0,0.0,3.141592654,1.570796327,-1.570796327,0.0,1.570796327,1.570796327,-1.570796327,-1.570796327,3.141592654,-1.570796327,0.0,3.141592654,1.570796327,0.0,-1.570796327,1.570796327,1.570796327,1.570796327,-1.570796327,1.570796327,3.141592654,3.141592654,-1.570796327,0.0,1.0,24920.3806423
1.570796327,-1.570796327,3.141592654,0.0,0.0,3.141592654,1.570796327,3.141592654,1.570796327,1.570796327,3.141592654,-1.570796327,3.141592654,0.0,3.141592654,-1.570796327,1.570796327,3.141592654,-1.570796327,0.0,0.0,3.141592654,0.0,1.570796327,0.0,0.0,3.141592654,3.141592654,-1.570796327,0.0,1.570796327,-1.570796327,-1.570796327,1.570796327,-1.570796327,-1.570796327,1.570796327,0.0,-1.570796327,-1.570796327,0.0,1.570796327,0.0,-1.570796327,3.141592654,-1.570796327,0.0,-1.570796327,1.570796327,0.0,0.0,-1.570796327,-1.570796327,0.0,1.570796327,0.0,1.570796327,1.570796327,3.141592654,1.570796327,-1.570796327,-1.570796327,3.141592654,0.0,-1.570796327,0.0,3.141592654,1.570796327,0.0,1.570796327,0.0,1.570796327,3.141592654,-1.570796327,3.141592654,1.570796327,3.141592654,0.0,0.0,0.0,1.0,25052.7554969
3.141592654,-1.570796327,3.141592654,3.141592654,3.141592654,3.141592654,0.0,3.141592654,3.141592654,0.0,1.570796327,0.0,3.141592654,3.141592654,0.0,-1.570796327,3.141592654,0.0,-1.570796327,1.570796327,-1.570796327,0.0,0.0,3.141592654,0.0,0.0,3.141592654,0.0,0.0,-1.570796327,0.0,3.141592654,3.141592654,1.570796327,1.570796327,1.570796327,1.570796327,-1.570796327,0.0,1.570796327,-1.570796327,0.0,1.570796327,3.141592654,-1.570796327,1.570796327,3.141592654,0.0,-1.570796327,0.0,1.570796327,1.570796327,1.570796327,-1.570796327,3.141592654,-1.570796327,-1.570796327,-1.570796327,0.0,1.570796327,-1.570796327,0.0,-1.570796327,1.570796327,-1.570796327,-1.570796327,3.141592654,3.141592654,3.141592654,-1.570796327,3.141592654,1.570796327,-1.570796327,0.0,1.570796327,1.570796327,0.0,0.0,3.141592654,-1.570796327,1.0,25184.9362391
-1.570796327,-1.570796327,1.570796327,-1.570796327,-1.570796327,3.141592654,1.570796327,1.570796327,-1.570796327,0.0,-1.570796327,1.570796327,1.570796327,-1.570796327,3.141592654,-1.570796327,3.141592654,0.0,1.570796327,-1.570796327,0.0,1.570796327,1.570796327,-1.570796327,-1.570796327,1.570796327,1.570796327,3.141592654,0.0,0.0,-1.570796327,3.141592654,-1.570796327,-1.570796327,-1.570796327,0.0,3.141592654,-1.570796327,0.0,-1.570796327,1.570796327,1.570796327,-1.570796327,-1.570796327,3.141592654,-1.570796327,3.141592654,3.141592654,1.570796327,3.141592654,-1.570796327,0.0,0.0,1.570796327,-1.570796327,3.141592654,0.0,0.0,-1.570796327,-1.570796327,3.141592654,0.0,3.141592654,1.570796327,1.570796327,-1.570796327,0.0,0.0,-1.570796327,3.141592654,0.0,0.0,0.0,1.570796327,0.0,1.570796327,0.0,-1.570796327,-1.570796327,0.0,1.0,25319.0868327
0.0,0.0,1.570796327,0.0,1.570796327,1.570796327,-1.570796327,1.570796327,-1.570796327,0.0,-1.570796327,3.141592654,0.0,-1.570796327,1.570796327,0.0,1.570796327,1.570796327,1.570796327,3.141592654,0.0,1.570796327,-1.570796327,0.0,3.141592654,3.141592654,3.141592654,3.141592654,0.0,3.141592654,-1.570796327,0.0,3.141592654,0.0,-1.570796327,0.0,3.141592654,-1.570796327,1.570796327,0.0,0.0,1.570796327,0.0,0.0,-1.570796327,3.141592654,3.141592654,1.570796327,-1.570796327,0.0,0.0,0.0,0.0,3.141592654,3.141592654,3.141592654,0.0,0.0,1.570796327,0.0,3.141592654,3.141592654,3.141592654,3.141592654,-1.570796327,-1.570796327,1.570796327,1.570796327,-1.570796327,1.570796327,3.141592654,-1.570796327,3.141592654,1.570796327,1.570796327,0.0,-1.570796327,0.0,1.570796327,0.0,1.0,25450.8053112
1.570796327,3.141592654,3.141592654,-1.570796327,-1.570796327,3.141592654,-1.570796327,-1.570796327,1.570796327,0.0,3.141592654,0.0,1.570796327,-1.570796327,0.0,-1.570796327,3.141592654,-1.570796327,-1.570796327,-1.570796327,1.570796327,1.570796327,1.570796327,1.570796327,3.141592654,3.141592654,3.141592654,-1.570796327,-1.570796327,3.141592654,3.141592654,0.0,3.141592654,0.0,3.141592654,1.570796327,1.570796327,1.570796327,0.0,3.141592654,0.0,1.570796327,-1.570796327,1.570796327,1.570796327,-1.570796327,0.0,3.141592654,3.141592654,0.0,3.141592654,1.570796327,-1.570796327,3.141592654,0.0,1.570796327,3.141592654,1.570796327,0.0,1.570796327,-1.570796327,0.0,1.570796327,0.0,-1.570796327,0.0,3.141592654,-1.570796327,0.0,1.570796327,0.0,0.0,3.141592654,0.0,1.570796327,-1.570796327,-1.570796327,3.141592654,1.570796327,-1.570796327,1.0,25584.3378927
0.0,1.570796327,1.570796327,-1.570796327,1.570796327,-1.570796327,-1.570796327,1.570796327,0.0,0.0,0.0,0.0,1.570796327,3.141592654,-1.570796327,1.570796327,0.0,-1.570796327,3.141592654,0.0,3.141592654,1.570796327,-1.570796327,1.570796327,0.0,1.570796327,0.0,1.570796327,1.570796327,0.0,1.570796327,-1.570796327,0.0,-1.570796327,-1.570796327,-1.570796327,0.0,0.0,3.141592654,1.570796327,1.570796327,-1.570796327,0.0,0.0,3.141592654,3.141592654,0.0,0.0,0.0,0.0,3.141592654,0.0,3.141592654,-1.570796327,-1.570796327,-1.570796327,1.570796327,-1.570796327,-1.570796327,-1.570796327,-1.570796327,1.570796327,0.0,3.141592654,0.0,-1.570796327,0.0,0.0,-1.570796327,-1.570796327,1.570796327,0.0,3.141592654,0.0,3.141592654,-1.570796327,3.141592654,3.141592654,1.570796327,-1.570796327,1.0,25717.0052509
-1.570796327,3.141592654,3.141592654,1.570796327,0.0,1.570796327,3.141592654,3.141592654,3.141592654,0.0,-1.570796327,0.0,0.0,1.570796327,-1.570796327,0.0,3.141592654,3.141592654,0.0,3.141592654,-1.570796327,3.141592654,-1.570796327,3.141592654,3.141592654,-1.570796327,3.141592654,0.0,1.570796327,1.570796327,1.570796327,-1.570796327,-1.570796327,3.141592654,0.0,-1.570796327,0.0,3.141592654,0.0,-1.570796327,1.570796327,3.141592654,3.141592654,-1.570796327,0.0,-1.570796327,0.0,3.141592654,-1.570796327,-1.570796327,3.141592654,1.570796327,-1.570796327,3.141592654,1.570796327,0.0,-1.570796327,1.570796327,-1.570796327,1.570796327,-1.570796327,1.570796327,1.570796327,0.0,3.141592654,0.0,1.570796327,3.141592654,3.141592654,0.0,1.570796327,0.0,-1.570796327,-1.570796327,1.570796327,-1.570796327,0.0,1.570796327,1.570796327,1.570796327,1.0,25850.075665
3.141592654,-1.570796327,1.570796327,1.570796327,-1.570796327,1.570796327,3.141592654,1.570796327,1.570796327,3.141592654,0.0,1.570796327,1.570796327,3.141592654,-1.570796327,0.0,3.141592654,1.570796327,3.141592654,1.570796327,-1.570796327,3.141592654,0.0,-1.570796327,3.141592654,0.0,-1.570796327,1.570796327,-1.570796327,3.141592654,1.570796327,1.570796327,1.570796327,-1.570796327,3.141592654,0.0,1.570796327,3.141592654,-1.570796327,-1.570796327,1.570796327,0.0,-1.570796327,0.0,0.0,1.570796327,3.141592654,3.141592654,-1.570796327,3.141592654,3.141592654,1.570796327,3.141592654,1.570796327,0.0,3.141592654,-1.570796327,-1.570796327,1.570796327,-1.570796327,3.141592654,1.570796327,1.570796327,1.570796327,1.570796327,-1.570796327,3.141592654,0.0,1.570796327,1.570796327,-1.570796327,0.0,0.0,0.0,3.141592654,3.141592654,3.141592654,1.570796327,1.570796327,0.0,1.0,25982.1104163
-1.570796327,0.0,-1.570796327,0.0,-1.570796327,0.0,-1.570796327,-1.570796327,1.570796327,0.0,0.0,0.0,-1.570796327,0.0,1.570796327,0.0,3.141592654,3.141592654,-1.570796327,-1.570796327,0.0,3.141592654,1.570796327,3.141592654,-1.570796327,0.0,0.0,3.141592654,0.0,3.141592654,0.0,-1.570796327,1.570796327,-1.570796327,3.141592654,3.141592654,0.0,3.141592654,-1.570796327,1.570796327,0.0,3.141592654,0.0,-1.570796327,-1.570796327,1.570796327,0.0,3.141592654,1.570796327,-1.570796327,3.141592654,0.0,0.0,-1.570796327,0.0,0.0,-1.570796327,0.0,0.0,0.0,0.0,0.0,3.141592654,3.141592654,3.141592654,-1.570796327,3.141592654,-1.570796327,0.0,3.141592654,-1.570796327,0.0,0.0,1.570796327,3.141592654,1.570796327,1.570796327,-1.570796327,-1.570796327,0.0,1.0,26113.2075247
3.141592654,0.0,0.0,-1.570796327,3.141592654,3.141592654,0.0,0.0,-1.570796327,1.570796327,0.0,1.570796327,-1.570796327,0.0,0.0,3.141592654,3.141592654,1.570796327,-1.570796327,1.570796327,1.570796327,1.570796327,0.0,1.570796327,1.570796327,-1.570796327,1.570796327,-1.570796327,-1.570796327,-1.570796327,-1.570796327,3.141592654,1.570796327,1.570796327,0.0,3.141592654,0.0,-1.570796327,0.0,-1.570796327,1.570796327,0.0,3.141592654,0.0,0.0,-1.570796327,-1.570796327,0.0,0.0,3.141592654,0.0,1.570796327,3.141592654,3.141592654,1.570796327,-1.570796327,3.141592654,1.570796327,1.570796327,1.570796327,3.141592654,1.570796327,0.0,0.0,-1.570796327,1.570796327,-1.570796327,3.141592654,3.141592654,-1.570796327,-1.570796327,3.141592654,-1.570796327,1.570796327,0.0,0.0,3.141592654,3.141592654,-1.570796327,3.141592654,1.0,26246.4676174
3.141592654,-1.570796327,0.0,3.141592654,0.0,3.141592654,1.570796327,0.0,-1.570796327,0.0,1.570796327,3.141592654,3.141592654,0.0,3.141592654,1.570796327,0.0,-1.570796327,0.0,3.141592654,-1.570796327,1.570796327,1.570796327,-1.570796327,1.570796327,3.141592654,0.0,1.570796327,1.570796327,0.0,1.570796327,-1.570796327,3.141592654,0.0,0.0,0.0,1.570796327,0.0,0.0,3.141592654,3.141592654,0.0,0.0,1.570796327,1.570796327,0.0,0.0,0.0,3.141592654,3.141592654,0.0,-1.570796327,-1.570796327,3.141592654,1.570796327,-1.570796327,0.0,1.570796327,0.0,1.570796327,-1.570796327,3.141592654,1.570796327,3.141592654,1.570796327,0.0,1.570796327,0.0,-1.570796327,0.0,1.570796327,0.0,0.0,0.0,3.141592654,0.0,1.570796327,3.141592654,3.141592654,1.570796327,1.0,26377.799057
1.570796327,1.570796327,-1.570796327,0.0,3.141592654,0.0,3.141592654,0.0,3.141592654,0.0,-1.570796327,0.0,0.0,-1.570796327,1.570796327,-1.570796327,3.141592654,1.570796327,3.141592654,1.570796327,3.141592654,3.141592654,1.570796327,3.141592654,1.570796327,-1.570796327,1.570796327,-1.570796327,0.0,-1.570796327,-1.570796327,0.0,-1.570796327,-1.570796327,1.570796327,-1.570796327,3.141592654,0.0,1.570796327,-1.570796327,-1.570796327,3.141592654,0.0,1.570796327,-1.570796327,-1.570796327,0.0,3.141592654,0.0,-1.570796327,1.570796327,3.141592654,1.570796327,-1.570796327,3.141592654,-1.570796327,3.141592654,0.0,3.141592654,-1.570796327,-1.570796327,-1.570796327,0.0,0.0,-1.570796327,0.0,3.141592654,0.0,-1.570796327,3.141592654,3.141592654,0.0,-1.570796327,3.141592654,0.0,1.570796327,0.0,1.570796327,3.141592654,-1.570796327,1.0,26510.0234893
3.141592654,1.570796327,-1.570796327,0.0,1.570796327,-1.570796327,-1.570796327,-1.570796327,-1.570796327,-1.570796327,0.0,1.570796327,3.141592654,0.0,0.0,3.141592654,3.141592654,3.141592654,3.141592654,3.141592654,1.570796327,3.141592654,1.570796327,1.570796327,-1.570796327,3.141592654,-1.570796327,1.570796327,3.141592654,0.0,3.141592654,3.141592654,-1.570796327,-1.570796327,-1.570796327,0.0,0.0,-1.570796327,1.570796327,3.141592654,1.570796327,1.570796327,3.141592654,1.570796327,0.0,3.141592654,1.570796327,-1.570796327,0.0,1.570796327,0.0,0.0,-1.570796327,1.570796327,-1.570796327,0.0,0.0,1.570796327,1.570796327,-1.570796327,1.570796327,1.570796327,-1.570796327,3.141592654,0.0,0.0,-1.570796327,1.570796327,-1.570796327,1.570796327,1.570796327,0.0,1.570796327,1.570796327,-1.570796327,1.570796327,-1.570796327,0.0,3.141592654,1.570796327,1.0,26643.3589695
3.141592654,-1.570796327,1.570796327,3.141592654,0.0,1.570796327,1.570796327,3.141592654,0.0,0.0,-1.570796327,1.570796327,0.0,1.570796327,3.141592654,3.141592654,0.0,1.570796327,1.570796327,1.570796327,0.0,3.141592654,0.0,1.570796327,1.570796327,3.141592654,-1.570796327,1.570796327,1.570796327,1.570796327,0.0,-1.570796327,1.570796327,3.141592654,0.0,-1.570796327,1.570796327,3.141592654,-1.570796327,-1.570796327,3.141592654,0.0,3.141592654,-1.570796327,0.0,1.570796327,1.570796327,1.570796327,0.0,-1.570796327,0.0,-1.570796327,1.570796327,1.570796327,0.0,0.0,-1.570796327,3.141592654,-1.570796327,1.570796327,1.570796327,1.570796327,1.570796327,0.0,3.141592654,3.141592654,-1.570796327,1.570796327,3.141592654,-1.570796327,1.570796327,-1.570796327,0.0,1.570796327,3.141592654,3.141592654,1.570796327,1.570796327,0.0,-1.570796327,1.0,26776.1190126
-1.570796327,1.570796327,0.0,3.141592654,3.141592654,0.0,3.141592654,0.0,-1.570796327,1.570796327,3.141592654,-1.570796327,0.0,0.0,3.141592654,3.141592654,3.141592654,3.141592654,-1.570796327,3.141592654,1.570796327,1.570796327,3.141592654,3.141592654,0.0,0.0,0.0,3.141592654,-1.570796327,1.570796327,-1.570796327,1.570796327,-1.570796327,3.141592654,1.570796327,3.141592654,0.0,1.570796327,0.0,3.141592654,1.570796327,1.570796327,-1.570796327,1.570796327,0.0,3.141592654,-1.570796327,1.570796327,1.570796327,-1.570796327,-1.570796327,3.141592654,3.141592654,3.141592654,-1.570796327,0.0,1.570796327,3.141592654,3.141592654,0.0,-1.570796327,3.141592654,-1.570796327,1.570796327,3.141592654,0.0,-1.570796327,3.141592654,0.0,0.0,-1.570796327,1.570796327,3.141592654,0.0,3.141592654,3.141592654,3.141592654,3.141592654,0.0,-1.570796327,1.0,26908.7484608
-1.570796327,-1.570796327,0.0,1.570796327,1.570796327,-1.570796327,0.0,1.570796327,1.570796327,-1.570796327,3.141592654,-1.570796327,0.0,0.0,-1.570796327,0.0,0.0,3.141592654,3.141592654,3.141592654,1.570796327,0.0,0.0,3.141592654,0.0,1.570796327,0.0,3.141592654,1.570796327,0.0,-1.570796327,-1.570796327,3.141592654,-1.570796327,1.570796327,3.141592654,0.0,0.0,1.570796327,0.0,3.141592654,0.0,-1.570796327,-1.570796327,0.0,1.570796327,0.0,3.141592654,3.141592654,1.570796327,1.570796327,1.570796327,-1.570796327,1.570796327,3.141592654,3.141592654,0.0,1.570796327,-1.570796327,-1.570796327,-1.570796327,0.0,1.570796327,-1.570796327,1.570796327,3.141592654,3.141592654,-1.570796327,-1.570796327,0.0,-1.570796327,3.141592654,0.0,3.141592654,-1.570796327,1.570796327,-1.570796327,1.570796327,-1.570796327,-1.570796327,1.0,27040.598652
0.0,0.0,1.570796327,1.570796327,-1.570796327,3.141592654,1.570796327,-1.570796327,1.570796327,0.0,0.0,-1.570796327,-1.570796327,-1.570796327,0.0,3.141592654,3.141592654,3.141592654,0.0,-1.570796327,0.0,3.141592654,1.570796327,3.141592654,-1.570796327,3.141592654,-1.570796327,1.570796327,1.570796327,-1.570796327,3.141592654,1.570796327,0.0,0.0,0.0,0.0,0.0,0.0,3.141592654,1.570796327,0.0,0.0,1.570796327,-1.570796327,3.141592654,3.141592654,1.570796327,1.570796327,-1.570796327,1.570796327,1.570796327,1.570796327,-1.570796327,-1.570796327,-1.570796327,3.141592654,1.570796327,1.570796327,1.570796327,0.0,0.0,1.570796327,-1.570796327,-1.570796327,0.0,3.141592654,0.0,3.141592654,3.141592654,3.141592654,3.141592654,3.141592654,0.0,1.570796327,0.0,3.141592654,0.0,0.0,0.0,0.0,1.0,27173.9581393
0.0,3.141592654,0.0,-1.570796327,1.570796327,3.141592654,1.570796327,-1.570796327,3.141592654,-1.570796327,-1.570796327,0.0,3.141592654,1.570796327,-1.570796327,3.141592654,0.0,-1.570796327,3.141592654,3.141592654,1.570796327,1.570796327,-1.570796327,3.141592654,3.141592654,0.0,3.141592654,3.141592654,1.570796327,0.0,-1.570796327,3.141592654,1.570796327,3.141592654,3.141592654,3.141592654,-1.570796327,0.0,3.141592654,-1.570796327,3.141592654,3.141592654,-1.570796327,1.570796327,1.570796327,0.0,3.141592654,-1.570796327,1.570796327,-1.570796327,0.0,-1.570796327,3.141592654,3.141592654,1.570796327,1.570796327,3.141592654,1.570796327,-1.570796327,3.141592654,1.570796327,-1.570796327,0.0,0.0,-1.570796327,1.570796327,-1.570796327,0.0,3.141592654,3.141592654,0.0,1.570796327,3.141592654,3.141592654,1.570796327,0.0,0.0,1.570796327,1.570796327,-1.570796327,1.0,49290.4080101
-1.570796327,0.0,3.141592654,3.141592654,3.141592654,0.0,-1.570796327,1.570796327,3.141592654,-1.570796327,1.570796327,3.141592654,3.141592654,-1.570796327,-1.570796327,-1.570796327,0.0,-1.570796327,-1.570796327,0.0,3.141592654,3.141592654,-1.570796327,-1.570796327,1.570796327,-1.570796327,0.0,0.0,3.141592654,3.141592654,3.141592654,-1.570796327,3.141592654,1.570796327,3.141592654,3.141592654,0.0,-1.570796327,0.0,-1.570796327,0.0,3.141592654,3.141592654,-1.570796327,3.141592654,0.0,-1.570796327,1.570796327,0.0,3.141592654,1.570796327,1.570796327,0.0,0.0,1.570796327,3.141592654,-1.570796327,0.0,0.0,-1.570796327,1.570796327,-1.570796327,0.0,3.141592654,0.0,3.141592654,0.0,0.0,3.141592654,-1.570796327,1.570796327,1.570796327,1.570796327,1.570796327,1.570796327,-1.570796327,3.141592654,3.141592654,1.570796327,3.141592654,1.0,49422.0072709
0,0,0,-1.570796327,0,0,-1.570796327,0,0,1.570796327,0,1.570796327,3.141592654,0,-1.570796327,3.141592654,3.141592654,1.570796327,0,0,1.570796327,3.141592654,0,-1.570796327,-1.570796327,3.141592654,-1.570796327,1.570796327,0,-1.570796327,1.570796327,1.570796327,0,-1.570796327,1.570796327,0,0,0,1.570796327,0,-1.570796327,3.141592654,0,3.141592654,1.570796327,0,3.141592654,1.570796327,-1.570796327,3.141592654,1.570796327,0,0,1.570796327,0,-1.570796327,1.570796327,-1.570796327,-1.570796327,-1.570796327,3.141592654,1.570796327,1.570796327,0,3.141592654,-1.570796327,-1.570796327,0,1.570796327,0,0,1.570796327,-1.570796327,1.570796327,3.141592654,-1.570796327,3.141592654,1.570796327,-1.570796327,-1.570796327,1.0,56485.00732421875
